-- phpMyAdmin SQL Dump
-- version 4.6.5.2
-- https://www.phpmyadmin.net/
--
-- Host: 127.0.0.1
-- Generation Time: Oct 03, 2017 at 06:42 PM
-- Server version: 10.1.21-MariaDB
-- PHP Version: 7.1.1

SET SQL_MODE = "NO_AUTO_VALUE_ON_ZERO";
SET time_zone = "+00:00";


/*!40101 SET @OLD_CHARACTER_SET_CLIENT=@@CHARACTER_SET_CLIENT */;
/*!40101 SET @OLD_CHARACTER_SET_RESULTS=@@CHARACTER_SET_RESULTS */;
/*!40101 SET @OLD_COLLATION_CONNECTION=@@COLLATION_CONNECTION */;
/*!40101 SET NAMES utf8mb4 */;

--
-- Database: `report`
--

-- --------------------------------------------------------

--
-- Table structure for table `captcha`
--

CREATE TABLE `captcha` (
  `captcha_id` bigint(13) UNSIGNED NOT NULL,
  `captcha_time` int(10) UNSIGNED NOT NULL,
  `ip_address` varchar(45) NOT NULL,
  `word` varchar(20) NOT NULL
) ENGINE=InnoDB DEFAULT CHARSET=utf8;

--
-- Dumping data for table `captcha`
--

INSERT INTO `captcha` (`captcha_id`, `captcha_time`, `ip_address`, `word`) VALUES
(35, 1507026563, '::1', 'QGL'),
(36, 1507030772, '::1', 'MGN');

-- --------------------------------------------------------

--
-- Table structure for table `ci_sessions`
--

CREATE TABLE `ci_sessions` (
  `id` varchar(128) NOT NULL,
  `ip_address` varchar(45) NOT NULL,
  `timestamp` int(10) UNSIGNED NOT NULL DEFAULT '0',
  `data` blob NOT NULL
) ENGINE=InnoDB DEFAULT CHARSET=utf8;

--
-- Dumping data for table `ci_sessions`
--

INSERT INTO `ci_sessions` (`id`, `ip_address`, `timestamp`, `data`) VALUES
('04dudujkjtjr8vm3clk0jadn2en7f10t', '::1', 1506934250, 0x5f5f63695f6c6173745f726567656e65726174657c693a313530363933343235303b766370747c643a313530363932343430363b6c6f67696e7c623a313b757365726e616d657c733a3137323a22386466346164326331323130613764636261313138373263646239346232643264616138653936326162316334346163633030653031393936343433616364326133333335623537376662393466306434396662613431613534313261663533393165396430636666303234623166646239646566373539623333643163306674776236744b483070645a592b7a784765526c396c634d334e75504d546961514a746c4d664d4a745a2b453d223b70617373776f72647c733a3231363a226231663437313461626537663461313964343565643230333634303461373963633961313632643131366366656638646566323038643539323565323861313566353466313138613763643763376231373939323435633639373235343766313166343435326362633738643136316337396531373963613463663964373936386f5a694e35506e437a3771576c71554450644f446d4e794f442b674230345447336b745a356c6d725a66646a76463650533757644c706c434f66794b6262443857754a6d724f586e615136334632384b43514c78513d3d223b6c6576656c757365727c733a3137323a2234386537626364386465363431343133323961646432386433393035633861346237333638313035623634323764343932633962613764393964306638313637383766313161656131663736346261663961623266393462663136626234326333613062366231313966313464663532343435363036376164396632643630376f676b494b735a6241386c31656d447a316e4e645a434d594f476547537747323733736e584a524e4d696f3d223b),
('0iap8rhj6td0hah2rtjor7r415lhk6ha', '::1', 1506308731, 0x5f5f63695f6c6173745f726567656e65726174657c693a313530363330383732383b766370747c643a313530363330383733313b),
('1qjclt355l4i21hv7641qb7lsmlnv8t1', '::1', 1506932012, 0x5f5f63695f6c6173745f726567656e65726174657c693a313530363933323031323b766370747c643a313530363932343430363b6c6f67696e7c623a313b757365726e616d657c733a3137323a22386466346164326331323130613764636261313138373263646239346232643264616138653936326162316334346163633030653031393936343433616364326133333335623537376662393466306434396662613431613534313261663533393165396430636666303234623166646239646566373539623333643163306674776236744b483070645a592b7a784765526c396c634d334e75504d546961514a746c4d664d4a745a2b453d223b70617373776f72647c733a3231363a226231663437313461626537663461313964343565643230333634303461373963633961313632643131366366656638646566323038643539323565323861313566353466313138613763643763376231373939323435633639373235343766313166343435326362633738643136316337396531373963613463663964373936386f5a694e35506e437a3771576c71554450644f446d4e794f442b674230345447336b745a356c6d725a66646a76463650533757644c706c434f66794b6262443857754a6d724f586e615136334632384b43514c78513d3d223b6c6576656c757365727c733a3137323a2234386537626364386465363431343133323961646432386433393035633861346237333638313035623634323764343932633962613764393964306638313637383766313161656131663736346261663961623266393462663136626234326333613062366231313966313464663532343435363036376164396632643630376f676b494b735a6241386c31656d447a316e4e645a434d594f476547537747323733736e584a524e4d696f3d223b),
('27l2molaat7v3a7c5eh8fmhh5ee40tu6', '::1', 1507030771, 0x5f5f63695f6c6173745f726567656e65726174657c693a313530373033303736343b766370747c643a313530373033303737323b),
('2f0lfsjuhuaed90n815eq8s2eqnlo9do', '::1', 1506483601, 0x5f5f63695f6c6173745f726567656e65726174657c693a313530363438333537343b766370747c643a313530363438333537373b6c6f67696e7c623a313b757365726e616d657c733a3137323a2236313738333665643831643735373561386238373036343238643233353138343164393837333437656165643861633030383735323330636632323036643837653861656239343835313531316130336265643239356337316331666363356465636130313235363633376331363137366361663936386661616637366461645a7150504539744947657045656d3153772f57334b3970634e44794e775a79786e4978764472716565564d3d223b70617373776f72647c733a3231363a226638386537316230333933383133623631623434353232316236386432383862396531643033666663626136646263623734386166353437393965363265346664613930393433393539313238353931316237656262343564663538303764633436336261616562663831346164313939626365346265373862613837323734364b4d7a624547632f304e6778686d4c75624e59376d5577737730744a707944314a554a6e536179766b5275774b55304c79564631566f374c54387a634651303953376543702b5476335855655a5261594c703569413d3d223b6c6576656c757365727c733a3137323a226464646632303839383538613064636231353135373766356361343165396463353761646264303834666130623132626263326536393863393337643036336666356635373230333536616234323361306135373430373364386431633564326334663537313735346361646336623362646533653035323162633933336538544b64684e46773866386634506e7a447a47687a7a48725134632f70354b345a6d334b5a49633861336a593d223b),
('3r7976n5hdek55d04ve8q66l7igp42r9', '::1', 1507027351, 0x766370747c643a313530373032363536333b6c6f67696e7c623a313b757365726e616d657c733a3137323a226134333331313463386364356433333337633464366262383637363535306263353166353262353334636462386266336563643131303833373636656539366334356630323563383233316338303039396335633537363136336564343036623639333962663963663063613534636538653938386162636633623237663634444f416d444450735a615a2f71685055466f4f6c736950643746715362482f34436b42466a575661304c553d223b70617373776f72647c733a3231363a223637653363343466616237623761333565666230323935666434623233396138313463333633663361353737626534343764666232663362616139653633393538393862336566663636653037313864363766313265386534616432386132323635363131393464353432383261633663613032306139333665353666326331555561725434612b4674714835556233656243766e6f386f79672f7348335a66695659756633312b622b676b5a4271386a4d42347551425644396538494f576d2b4357373359395a45553466756d47314f76526679413d3d223b6c6576656c757365727c733a3137323a22383939376335306437333938666430363431636538646336663831393630636462646332356239656362643937663031373636653030336464313538353562633236363865626333626461306332386133616432623361666261323264353638613433353736313230353566326533356432386435643762386339633836633962324e3144322f66554962346950496c435433375a54576a4f4f6539594f6b504959486a665277546e68493d223b5f5f63695f6c6173745f726567656e65726174657c693a313530373032373335313b),
('3tvnhphmbs1gk391i0lag9oj6kcerbm3', '::1', 1506500336, 0x5f5f63695f6c6173745f726567656e65726174657c693a313530363530303333363b766370747c643a313530363439393135333b6c6f67696e7c623a313b757365726e616d657c733a3137323a226132396161373461666638306337376462653131383163623739343063303336626330303262333033303733343235666463653133313937343137376432306537313435326536316338343834623561363632656666303065633137653137666665316464396661366434323663643366636338623536353533396238616233586c6767527a674867474a7168322b644f7a57396e7855757273794b4a393052674845656b5a30415448383d223b70617373776f72647c733a3231363a22393363323461376635613363653238343562663835376239643736626433353165656433663537303535353166313266366338333436623965653162636361396630306562343338393463373639326539376334316437393366663464633636336465363863646461323232623336613561616333636331396330366436376477757144384365703862347a536e516768382f4e7145596972596c37307753474e2b5230524653782b72633358787839413051646d4f75354a484e524562543675595544324c654852325061357a5848427458544d513d3d223b6c6576656c757365727c733a3137323a2263336134363933623735613433383564623165636630633935316463623565633034383836353062346139383566666130336531393532313063336665303230333939633166313038316461613064303862643931393265623164623162363634666331623065366162376237356539613932653334363730393364343739356a685a442b64345a7a4f3243376b71324535715574767071746555786166572b4f547377376b566c6d38773d223b),
('3u329hujicgncr7loveghmi6upjcr4d0', '::1', 1506928425, 0x5f5f63695f6c6173745f726567656e65726174657c693a313530363932383432353b766370747c643a313530363932343430363b6c6f67696e7c623a313b757365726e616d657c733a3137323a22386466346164326331323130613764636261313138373263646239346232643264616138653936326162316334346163633030653031393936343433616364326133333335623537376662393466306434396662613431613534313261663533393165396430636666303234623166646239646566373539623333643163306674776236744b483070645a592b7a784765526c396c634d334e75504d546961514a746c4d664d4a745a2b453d223b70617373776f72647c733a3231363a226231663437313461626537663461313964343565643230333634303461373963633961313632643131366366656638646566323038643539323565323861313566353466313138613763643763376231373939323435633639373235343766313166343435326362633738643136316337396531373963613463663964373936386f5a694e35506e437a3771576c71554450644f446d4e794f442b674230345447336b745a356c6d725a66646a76463650533757644c706c434f66794b6262443857754a6d724f586e615136334632384b43514c78513d3d223b6c6576656c757365727c733a3137323a2234386537626364386465363431343133323961646432386433393035633861346237333638313035623634323764343932633962613764393964306638313637383766313161656131663736346261663961623266393462663136626234326333613062366231313966313464663532343435363036376164396632643630376f676b494b735a6241386c31656d447a316e4e645a434d594f476547537747323733736e584a524e4d696f3d223b),
('471qql57tq4i819hjnq51e1apiqavbo9', '::1', 1506682332, 0x5f5f63695f6c6173745f726567656e65726174657c693a313530363638323333323b766370747c643a313530363636383731383b6c6f67696e7c623a313b757365726e616d657c733a3137323a2237313031336431613165393061653133356564353935386562383634326636316632316238303731386361303462303333653835396330333037323736323364363264393938393464623165353338373665336234636464396464373866373035356536316337393964306239393030326133383761336163653030616535357a54325966365849765053565a68356252496345474a462b485a7a7a335a357453524268734b614e6938733d223b70617373776f72647c733a3231363a2266663165363664343634343330356232373661326464343535663466656530623435396630646430343530393333383931316138633436656263663331353162623432353463333739316361373362663039333666343138366232333537633738353432366532633337326631396236363037616234343534346166303131664862795235307a75666d2b552b6233496255546f376a655045525a45554b4672687a666b523861745a78625344354b2b36337632577343574e2f6a695132362f646a537942324c4f46746a6c655077386e44306967673d3d223b6c6576656c757365727c733a3137323a22643633333363376562326534306666396463353466623534666631313564636232666633333164656135666664633134323962376433396635306131623631303234323763366266346264363465386132323835656537346566383730626337316530623238666363633730386530303335633532323536306634663866643959796659663979706d3954556c416e4b41586f79686b437a7850545a4636416e353630495a7263745356453d223b),
('4b4pmd19k16mf2r5daidc7s8omk4je19', '::1', 1506576822, 0x5f5f63695f6c6173745f726567656e65726174657c693a313530363537363831353b766370747c643a313530363537363832323b),
('4kkvq6v6uh4s5qm5pfdb0ur0hgn9qjao', '::1', 1506502782, 0x5f5f63695f6c6173745f726567656e65726174657c693a313530363530323738323b766370747c643a313530363439393135333b6c6f67696e7c623a313b757365726e616d657c733a3137323a226132396161373461666638306337376462653131383163623739343063303336626330303262333033303733343235666463653133313937343137376432306537313435326536316338343834623561363632656666303065633137653137666665316464396661366434323663643366636338623536353533396238616233586c6767527a674867474a7168322b644f7a57396e7855757273794b4a393052674845656b5a30415448383d223b70617373776f72647c733a3231363a22393363323461376635613363653238343562663835376239643736626433353165656433663537303535353166313266366338333436623965653162636361396630306562343338393463373639326539376334316437393366663464633636336465363863646461323232623336613561616333636331396330366436376477757144384365703862347a536e516768382f4e7145596972596c37307753474e2b5230524653782b72633358787839413051646d4f75354a484e524562543675595544324c654852325061357a5848427458544d513d3d223b6c6576656c757365727c733a3137323a2263336134363933623735613433383564623165636630633935316463623565633034383836353062346139383566666130336531393532313063336665303230333939633166313038316461613064303862643931393265623164623162363634666331623065366162376237356539613932653334363730393364343739356a685a442b64345a7a4f3243376b71324535715574767071746555786166572b4f547377376b566c6d38773d223b),
('4mpfnhsnnbv8570jdtskadfcne37c9qj', '192.168.3.127', 1506310708, 0x5f5f63695f6c6173745f726567656e65726174657c693a313530363331303536303b766370747c643a313530363331303537323b6c6f67696e7c623a313b757365726e616d657c733a3137323a2238323565383961393964333131336365363761323537643430646164663761363133316337333966323434383833653661646364383236663537666566326239303139643033363135376437666162393966333531326637356664656564323337653236343263346130356161656239343262333337633731626532363766626d54533342324a2b4d58387861324546737371617a493741474a66397978647174534a6c523137523865303d223b70617373776f72647c733a3231363a2263333333353635616333346236613565373165623836326364323561346539383137333434393039636531383533363635326430616562623330346662333339323765643231346436313738356130333964626165656431653431303766376361393131316237653638626638333062636638343666623532646538663762323471325a696a614a6a444c4f744a70497761594743323152777161513666626374795872785a39776b2b337835373177303048594c572b5644523255582f726f6d522f754a34764e3974632f436f6c3964667a5155773d3d223b6c6576656c757365727c733a3137323a223264363165393939393236656532663136326135316137613565623562613635613961383133626635323564356161653235333836333632613033323639633836323033386662333864373436313237636335346661353738393735373961633865663939363039393538643833626236303138353934326463656663326134786e6e6d4956523955304672477646715964643959734c655a576275794b7836766755784358626c3449413d223b),
('586jjm81rpmv48a8uvct9htm0boe9kpk', '::1', 1506926323, 0x5f5f63695f6c6173745f726567656e65726174657c693a313530363932363332333b766370747c643a313530363932343430363b6c6f67696e7c623a313b757365726e616d657c733a3137323a22386466346164326331323130613764636261313138373263646239346232643264616138653936326162316334346163633030653031393936343433616364326133333335623537376662393466306434396662613431613534313261663533393165396430636666303234623166646239646566373539623333643163306674776236744b483070645a592b7a784765526c396c634d334e75504d546961514a746c4d664d4a745a2b453d223b70617373776f72647c733a3231363a226231663437313461626537663461313964343565643230333634303461373963633961313632643131366366656638646566323038643539323565323861313566353466313138613763643763376231373939323435633639373235343766313166343435326362633738643136316337396531373963613463663964373936386f5a694e35506e437a3771576c71554450644f446d4e794f442b674230345447336b745a356c6d725a66646a76463650533757644c706c434f66794b6262443857754a6d724f586e615136334632384b43514c78513d3d223b6c6576656c757365727c733a3137323a2234386537626364386465363431343133323961646432386433393035633861346237333638313035623634323764343932633962613764393964306638313637383766313161656131663736346261663961623266393462663136626234326333613062366231313966313464663532343435363036376164396632643630376f676b494b735a6241386c31656d447a316e4e645a434d594f476547537747323733736e584a524e4d696f3d223b),
('5j4p6q2q0jqmdicafvs3qf3q0jebrmbo', '::1', 1506501077, 0x5f5f63695f6c6173745f726567656e65726174657c693a313530363530313037373b766370747c643a313530363439393135333b6c6f67696e7c623a313b757365726e616d657c733a3137323a226132396161373461666638306337376462653131383163623739343063303336626330303262333033303733343235666463653133313937343137376432306537313435326536316338343834623561363632656666303065633137653137666665316464396661366434323663643366636338623536353533396238616233586c6767527a674867474a7168322b644f7a57396e7855757273794b4a393052674845656b5a30415448383d223b70617373776f72647c733a3231363a22393363323461376635613363653238343562663835376239643736626433353165656433663537303535353166313266366338333436623965653162636361396630306562343338393463373639326539376334316437393366663464633636336465363863646461323232623336613561616333636331396330366436376477757144384365703862347a536e516768382f4e7145596972596c37307753474e2b5230524653782b72633358787839413051646d4f75354a484e524562543675595544324c654852325061357a5848427458544d513d3d223b6c6576656c757365727c733a3137323a2263336134363933623735613433383564623165636630633935316463623565633034383836353062346139383566666130336531393532313063336665303230333939633166313038316461613064303862643931393265623164623162363634666331623065366162376237356539613932653334363730393364343739356a685a442b64345a7a4f3243376b71324535715574767071746555786166572b4f547377376b566c6d38773d223b),
('6dfq00lshjkq9c9skq2c85rl9b9kmhmi', '::1', 1505988350, 0x5f5f63695f6c6173745f726567656e65726174657c693a313530353938383335303b766370747c643a313530353938383033373b),
('6k5fjlkqktdjl3k9bm9vr1vptpoacil3', '::1', 1506490038, ''),
('6llbr2q3ldj3fk7g1rsr38jc7691fhuf', '::1', 1507027982, 0x766370747c643a313530373032363536333b6c6f67696e7c623a313b757365726e616d657c733a3137323a226134333331313463386364356433333337633464366262383637363535306263353166353262353334636462386266336563643131303833373636656539366334356630323563383233316338303039396335633537363136336564343036623639333962663963663063613534636538653938386162636633623237663634444f416d444450735a615a2f71685055466f4f6c736950643746715362482f34436b42466a575661304c553d223b70617373776f72647c733a3231363a223637653363343466616237623761333565666230323935666434623233396138313463333633663361353737626534343764666232663362616139653633393538393862336566663636653037313864363766313265386534616432386132323635363131393464353432383261633663613032306139333665353666326331555561725434612b4674714835556233656243766e6f386f79672f7348335a66695659756633312b622b676b5a4271386a4d42347551425644396538494f576d2b4357373359395a45553466756d47314f76526679413d3d223b6c6576656c757365727c733a3137323a22383939376335306437333938666430363431636538646336663831393630636462646332356239656362643937663031373636653030336464313538353562633236363865626333626461306332386133616432623361666261323264353638613433353736313230353566326533356432386435643762386339633836633962324e3144322f66554962346950496c435433375a54576a4f4f6539594f6b504959486a665277546e68493d223b5f5f63695f6c6173745f726567656e65726174657c693a313530373032373938323b),
('6rodl47uerdbfdjjsd6fojqo7e77ofd5', '::1', 1506916043, 0x5f5f63695f6c6173745f726567656e65726174657c693a313530363931363034333b766370747c643a313530363931333437393b6c6f67696e7c623a313b757365726e616d657c733a3137323a223238383362313239326339316638316333323461306238646132646132306533303661326663386639353462316136326664366161343039363862383733303735656235346161626237366365626132646161626430353135333537383965333765343264353661666163303338643235393364306232346465353064303830464e665873476d53785a6a547538682f6f7a74622b4a594752356a586b576a4150744b5a583177495a30413d223b70617373776f72647c733a3231363a22373962633930363436663338383931363035613864313665663533643736663964323861636138333335343766313931326531373138343438623763373764353162373630626631346632376539643664363536313965313965386366623965363536613132643734333635333333343732616638393139326331623763666335533068616a2f5849452f54366d32553263445a7354794d6632746c326f3041582f306448344c4848573053627662374834627144727a564f506e47716141334c442f716962633142367a4e2f527a6b7a58446f31513d3d223b6c6576656c757365727c733a3137323a2233363131383632646465636536346439666230383033613635316666626636653336323862646331303230616531306365333561356564663236373661383639616261326266613863366630343830353632313963306434343531316666386439343161633138333038396230303732326163323136636263623339373937664a576f7038352b3676716572334e676158494853357355793642656461325667306944584e6d647a3955383d223b),
('7sjuagd1iiccdj3tdon948sij267e4rj', '::1', 1506929892, 0x5f5f63695f6c6173745f726567656e65726174657c693a313530363932393839323b766370747c643a313530363932343430363b6c6f67696e7c623a313b757365726e616d657c733a3137323a22386466346164326331323130613764636261313138373263646239346232643264616138653936326162316334346163633030653031393936343433616364326133333335623537376662393466306434396662613431613534313261663533393165396430636666303234623166646239646566373539623333643163306674776236744b483070645a592b7a784765526c396c634d334e75504d546961514a746c4d664d4a745a2b453d223b70617373776f72647c733a3231363a226231663437313461626537663461313964343565643230333634303461373963633961313632643131366366656638646566323038643539323565323861313566353466313138613763643763376231373939323435633639373235343766313166343435326362633738643136316337396531373963613463663964373936386f5a694e35506e437a3771576c71554450644f446d4e794f442b674230345447336b745a356c6d725a66646a76463650533757644c706c434f66794b6262443857754a6d724f586e615136334632384b43514c78513d3d223b6c6576656c757365727c733a3137323a2234386537626364386465363431343133323961646432386433393035633861346237333638313035623634323764343932633962613764393964306638313637383766313161656131663736346261663961623266393462663136626234326333613062366231313966313464663532343435363036376164396632643630376f676b494b735a6241386c31656d447a316e4e645a434d594f476547537747323733736e584a524e4d696f3d223b),
('8bjhajoi3dchnglqurblbv6j6lu3j13b', '::1', 1506504321, 0x5f5f63695f6c6173745f726567656e65726174657c693a313530363530343332313b766370747c643a313530363439393135333b6c6f67696e7c623a313b757365726e616d657c733a3137323a226132396161373461666638306337376462653131383163623739343063303336626330303262333033303733343235666463653133313937343137376432306537313435326536316338343834623561363632656666303065633137653137666665316464396661366434323663643366636338623536353533396238616233586c6767527a674867474a7168322b644f7a57396e7855757273794b4a393052674845656b5a30415448383d223b70617373776f72647c733a3231363a22393363323461376635613363653238343562663835376239643736626433353165656433663537303535353166313266366338333436623965653162636361396630306562343338393463373639326539376334316437393366663464633636336465363863646461323232623336613561616333636331396330366436376477757144384365703862347a536e516768382f4e7145596972596c37307753474e2b5230524653782b72633358787839413051646d4f75354a484e524562543675595544324c654852325061357a5848427458544d513d3d223b6c6576656c757365727c733a3137323a2263336134363933623735613433383564623165636630633935316463623565633034383836353062346139383566666130336531393532313063336665303230333939633166313038316461613064303862643931393265623164623162363634666331623065366162376237356539613932653334363730393364343739356a685a442b64345a7a4f3243376b71324535715574767071746555786166572b4f547377376b566c6d38773d223b),
('8jftuudj47cllr451tdefscsll9llrbk', '::1', 1506509187, 0x5f5f63695f6c6173745f726567656e65726174657c693a313530363530393138373b766370747c643a313530363439393135333b6c6f67696e7c623a313b757365726e616d657c733a3137323a226132396161373461666638306337376462653131383163623739343063303336626330303262333033303733343235666463653133313937343137376432306537313435326536316338343834623561363632656666303065633137653137666665316464396661366434323663643366636338623536353533396238616233586c6767527a674867474a7168322b644f7a57396e7855757273794b4a393052674845656b5a30415448383d223b70617373776f72647c733a3231363a22393363323461376635613363653238343562663835376239643736626433353165656433663537303535353166313266366338333436623965653162636361396630306562343338393463373639326539376334316437393366663464633636336465363863646461323232623336613561616333636331396330366436376477757144384365703862347a536e516768382f4e7145596972596c37307753474e2b5230524653782b72633358787839413051646d4f75354a484e524562543675595544324c654852325061357a5848427458544d513d3d223b6c6576656c757365727c733a3137323a2263336134363933623735613433383564623165636630633935316463623565633034383836353062346139383566666130336531393532313063336665303230333939633166313038316461613064303862643931393265623164623162363634666331623065366162376237356539613932653334363730393364343739356a685a442b64345a7a4f3243376b71324535715574767071746555786166572b4f547377376b566c6d38773d223b),
('8s96sdpblaj5fnkbbi48kh66878ut1b2', '::1', 1506942315, 0x5f5f63695f6c6173745f726567656e65726174657c693a313530363934323331353b766370747c643a313530363932343430363b6c6f67696e7c623a313b757365726e616d657c733a3137323a22386466346164326331323130613764636261313138373263646239346232643264616138653936326162316334346163633030653031393936343433616364326133333335623537376662393466306434396662613431613534313261663533393165396430636666303234623166646239646566373539623333643163306674776236744b483070645a592b7a784765526c396c634d334e75504d546961514a746c4d664d4a745a2b453d223b70617373776f72647c733a3231363a226231663437313461626537663461313964343565643230333634303461373963633961313632643131366366656638646566323038643539323565323861313566353466313138613763643763376231373939323435633639373235343766313166343435326362633738643136316337396531373963613463663964373936386f5a694e35506e437a3771576c71554450644f446d4e794f442b674230345447336b745a356c6d725a66646a76463650533757644c706c434f66794b6262443857754a6d724f586e615136334632384b43514c78513d3d223b6c6576656c757365727c733a3137323a2234386537626364386465363431343133323961646432386433393035633861346237333638313035623634323764343932633962613764393964306638313637383766313161656131663736346261663961623266393462663136626234326333613062366231313966313464663532343435363036376164396632643630376f676b494b735a6241386c31656d447a316e4e645a434d594f476547537747323733736e584a524e4d696f3d223b),
('90ldffjjspce5gtknjfbb6fcal9jgb8g', '::1', 1507016628, 0x5f5f63695f6c6173745f726567656e65726174657c693a313530373031363632353b766370747c643a313530373031363632383b),
('ai79s554mtt7rmfl8qucrtfqr0ka9q6r', '::1', 1506682685, 0x5f5f63695f6c6173745f726567656e65726174657c693a313530363638323638353b766370747c643a313530363636383731383b6c6f67696e7c623a313b757365726e616d657c733a3137323a2237313031336431613165393061653133356564353935386562383634326636316632316238303731386361303462303333653835396330333037323736323364363264393938393464623165353338373665336234636464396464373866373035356536316337393964306239393030326133383761336163653030616535357a54325966365849765053565a68356252496345474a462b485a7a7a335a357453524268734b614e6938733d223b70617373776f72647c733a3231363a2266663165363664343634343330356232373661326464343535663466656530623435396630646430343530393333383931316138633436656263663331353162623432353463333739316361373362663039333666343138366232333537633738353432366532633337326631396236363037616234343534346166303131664862795235307a75666d2b552b6233496255546f376a655045525a45554b4672687a666b523861745a78625344354b2b36337632577343574e2f6a695132362f646a537942324c4f46746a6c655077386e44306967673d3d223b6c6576656c757365727c733a3137323a22643633333363376562326534306666396463353466623534666631313564636232666633333164656135666664633134323962376433396635306131623631303234323763366266346264363465386132323835656537346566383730626337316530623238666363633730386530303335633532323536306634663866643959796659663979706d3954556c416e4b41586f79686b437a7850545a4636416e353630495a7263745356453d223b),
('aijicnaa1d0du28lnpb84ja5gohfruel', '::1', 1507006077, 0x5f5f63695f6c6173745f726567656e65726174657c693a313530373030363037373b766370747c643a313530373030333432323b6c6f67696e7c623a313b757365726e616d657c733a3137323a22616162336632623335366661643532626666383432656439656334623165376262323662663263636236663136363964386531633937343763653536383230316363376366333934636362383432396230346332353162666233623530623336303836666137656134336335326565303535343763323433373736626637323249706c457a6b7244424c4566483958753261307330646f31326947594837453464332f4f694344674b4b6b3d223b70617373776f72647c733a3231363a22303566343337666131633038666234346437326134636137643732363533386464663330623235316137656164393233626261343265613635366466393136386531333032363331633662613162363438376530383063353236626166613334623966313539653365636335306430383235393936643062343961633930653042355045666a306a656656765537474d41746f4d374d6d42346354364a576254784d5a45796e4c496b4e744443306e54456f752f676f502b70593742685562637873696346464d2b556634767a5761572f792f386c513d3d223b6c6576656c757365727c733a3137323a226335623836646231613537653932663436303363326635646538666532323366393163613864336538346232373536363061346264376333343030363539313336343735323266663761393235653836356564386463366362613732306539303566626564363433633938363563646137353065623363366432373862336564784d4a77365a61547a73473667392b375a56614975323638394d424f5452782f34417569674b776c4776493d223b),
('b288uhp6acjrir84vb8kaod2ingt5jr2', '::1', 1506509882, 0x5f5f63695f6c6173745f726567656e65726174657c693a313530363530393630353b766370747c643a313530363439393135333b6c6f67696e7c623a313b757365726e616d657c733a3137323a226132396161373461666638306337376462653131383163623739343063303336626330303262333033303733343235666463653133313937343137376432306537313435326536316338343834623561363632656666303065633137653137666665316464396661366434323663643366636338623536353533396238616233586c6767527a674867474a7168322b644f7a57396e7855757273794b4a393052674845656b5a30415448383d223b70617373776f72647c733a3231363a22393363323461376635613363653238343562663835376239643736626433353165656433663537303535353166313266366338333436623965653162636361396630306562343338393463373639326539376334316437393366663464633636336465363863646461323232623336613561616333636331396330366436376477757144384365703862347a536e516768382f4e7145596972596c37307753474e2b5230524653782b72633358787839413051646d4f75354a484e524562543675595544324c654852325061357a5848427458544d513d3d223b6c6576656c757365727c733a3137323a2263336134363933623735613433383564623165636630633935316463623565633034383836353062346139383566666130336531393532313063336665303230333939633166313038316461613064303862643931393265623164623162363634666331623065366162376237356539613932653334363730393364343739356a685a442b64345a7a4f3243376b71324535715574767071746555786166572b4f547377376b566c6d38773d223b),
('c9tt5hf07te3flutr3ur4chj9j5d93nc', '::1', 1506676400, 0x5f5f63695f6c6173745f726567656e65726174657c693a313530363637363430303b766370747c643a313530363636383731383b6c6f67696e7c623a313b757365726e616d657c733a3137323a2237313031336431613165393061653133356564353935386562383634326636316632316238303731386361303462303333653835396330333037323736323364363264393938393464623165353338373665336234636464396464373866373035356536316337393964306239393030326133383761336163653030616535357a54325966365849765053565a68356252496345474a462b485a7a7a335a357453524268734b614e6938733d223b70617373776f72647c733a3231363a2266663165363664343634343330356232373661326464343535663466656530623435396630646430343530393333383931316138633436656263663331353162623432353463333739316361373362663039333666343138366232333537633738353432366532633337326631396236363037616234343534346166303131664862795235307a75666d2b552b6233496255546f376a655045525a45554b4672687a666b523861745a78625344354b2b36337632577343574e2f6a695132362f646a537942324c4f46746a6c655077386e44306967673d3d223b6c6576656c757365727c733a3137323a22643633333363376562326534306666396463353466623534666631313564636232666633333164656135666664633134323962376433396635306131623631303234323763366266346264363465386132323835656537346566383730626337316530623238666363633730386530303335633532323536306634663866643959796659663979706d3954556c416e4b41586f79686b437a7850545a4636416e353630495a7263745356453d223b),
('cih3vqv6h981hg5mbjbhn2mph0rfsorq', '::1', 1506505206, 0x5f5f63695f6c6173745f726567656e65726174657c693a313530363530353230363b766370747c643a313530363439393135333b6c6f67696e7c623a313b757365726e616d657c733a3137323a226132396161373461666638306337376462653131383163623739343063303336626330303262333033303733343235666463653133313937343137376432306537313435326536316338343834623561363632656666303065633137653137666665316464396661366434323663643366636338623536353533396238616233586c6767527a674867474a7168322b644f7a57396e7855757273794b4a393052674845656b5a30415448383d223b70617373776f72647c733a3231363a22393363323461376635613363653238343562663835376239643736626433353165656433663537303535353166313266366338333436623965653162636361396630306562343338393463373639326539376334316437393366663464633636336465363863646461323232623336613561616333636331396330366436376477757144384365703862347a536e516768382f4e7145596972596c37307753474e2b5230524653782b72633358787839413051646d4f75354a484e524562543675595544324c654852325061357a5848427458544d513d3d223b6c6576656c757365727c733a3137323a2263336134363933623735613433383564623165636630633935316463623565633034383836353062346139383566666130336531393532313063336665303230333939633166313038316461613064303862643931393265623164623162363634666331623065366162376237356539613932653334363730393364343739356a685a442b64345a7a4f3243376b71324535715574767071746555786166572b4f547377376b566c6d38773d223b),
('csfbnp2bi93dbvdkcqde8b3vs0fmo1ia', '::1', 1506676704, 0x5f5f63695f6c6173745f726567656e65726174657c693a313530363637363730343b766370747c643a313530363636383731383b6c6f67696e7c623a313b757365726e616d657c733a3137323a2237313031336431613165393061653133356564353935386562383634326636316632316238303731386361303462303333653835396330333037323736323364363264393938393464623165353338373665336234636464396464373866373035356536316337393964306239393030326133383761336163653030616535357a54325966365849765053565a68356252496345474a462b485a7a7a335a357453524268734b614e6938733d223b70617373776f72647c733a3231363a2266663165363664343634343330356232373661326464343535663466656530623435396630646430343530393333383931316138633436656263663331353162623432353463333739316361373362663039333666343138366232333537633738353432366532633337326631396236363037616234343534346166303131664862795235307a75666d2b552b6233496255546f376a655045525a45554b4672687a666b523861745a78625344354b2b36337632577343574e2f6a695132362f646a537942324c4f46746a6c655077386e44306967673d3d223b6c6576656c757365727c733a3137323a22643633333363376562326534306666396463353466623534666631313564636232666633333164656135666664633134323962376433396635306131623631303234323763366266346264363465386132323835656537346566383730626337316530623238666363633730386530303335633532323536306634663866643959796659663979706d3954556c416e4b41586f79686b437a7850545a4636416e353630495a7263745356453d223b),
('dblom107851nmvoluk3h65hf3i823kmv', '::1', 1506671348, 0x5f5f63695f6c6173745f726567656e65726174657c693a313530363637313334383b766370747c643a313530363636383731383b6c6f67696e7c623a313b757365726e616d657c733a3137323a2237313031336431613165393061653133356564353935386562383634326636316632316238303731386361303462303333653835396330333037323736323364363264393938393464623165353338373665336234636464396464373866373035356536316337393964306239393030326133383761336163653030616535357a54325966365849765053565a68356252496345474a462b485a7a7a335a357453524268734b614e6938733d223b70617373776f72647c733a3231363a2266663165363664343634343330356232373661326464343535663466656530623435396630646430343530393333383931316138633436656263663331353162623432353463333739316361373362663039333666343138366232333537633738353432366532633337326631396236363037616234343534346166303131664862795235307a75666d2b552b6233496255546f376a655045525a45554b4672687a666b523861745a78625344354b2b36337632577343574e2f6a695132362f646a537942324c4f46746a6c655077386e44306967673d3d223b6c6576656c757365727c733a3137323a22643633333363376562326534306666396463353466623534666631313564636232666633333164656135666664633134323962376433396635306131623631303234323763366266346264363465386132323835656537346566383730626337316530623238666363633730386530303335633532323536306634663866643959796659663979706d3954556c416e4b41586f79686b437a7850545a4636416e353630495a7263745356453d223b),
('drvc3pk63k6q4q1vemv7ehts480c6d8e', '::1', 1506916053, 0x5f5f63695f6c6173745f726567656e65726174657c693a313530363931363034333b766370747c643a313530363931333437393b6c6f67696e7c623a313b757365726e616d657c733a3137323a223238383362313239326339316638316333323461306238646132646132306533303661326663386639353462316136326664366161343039363862383733303735656235346161626237366365626132646161626430353135333537383965333765343264353661666163303338643235393364306232346465353064303830464e665873476d53785a6a547538682f6f7a74622b4a594752356a586b576a4150744b5a583177495a30413d223b70617373776f72647c733a3231363a22373962633930363436663338383931363035613864313665663533643736663964323861636138333335343766313931326531373138343438623763373764353162373630626631346632376539643664363536313965313965386366623965363536613132643734333635333333343732616638393139326331623763666335533068616a2f5849452f54366d32553263445a7354794d6632746c326f3041582f306448344c4848573053627662374834627144727a564f506e47716141334c442f716962633142367a4e2f527a6b7a58446f31513d3d223b6c6576656c757365727c733a3137323a2233363131383632646465636536346439666230383033613635316666626636653336323862646331303230616531306365333561356564663236373661383639616261326266613863366630343830353632313963306434343531316666386439343161633138333038396230303732326163323136636263623339373937664a576f7038352b3676716572334e676158494853357355793642656461325667306944584e6d647a3955383d223b),
('dtf31eq1ckodqu557l0evrm051te3rat', '::1', 1506584007, 0x5f5f63695f6c6173745f726567656e65726174657c693a313530363538343030373b),
('e7frk5g9i8bd8djrtipaf8j4e9hm0ikd', '::1', 1506011845, 0x5f5f63695f6c6173745f726567656e65726174657c693a313530363031313834333b766370747c643a313530363031313834363b),
('ee5409cb4uvsq7f7bq9kk6aaje5itgq4', '::1', 1506507626, 0x5f5f63695f6c6173745f726567656e65726174657c693a313530363530373632363b766370747c643a313530363439393135333b6c6f67696e7c623a313b757365726e616d657c733a3137323a226132396161373461666638306337376462653131383163623739343063303336626330303262333033303733343235666463653133313937343137376432306537313435326536316338343834623561363632656666303065633137653137666665316464396661366434323663643366636338623536353533396238616233586c6767527a674867474a7168322b644f7a57396e7855757273794b4a393052674845656b5a30415448383d223b70617373776f72647c733a3231363a22393363323461376635613363653238343562663835376239643736626433353165656433663537303535353166313266366338333436623965653162636361396630306562343338393463373639326539376334316437393366663464633636336465363863646461323232623336613561616333636331396330366436376477757144384365703862347a536e516768382f4e7145596972596c37307753474e2b5230524653782b72633358787839413051646d4f75354a484e524562543675595544324c654852325061357a5848427458544d513d3d223b6c6576656c757365727c733a3137323a2263336134363933623735613433383564623165636630633935316463623565633034383836353062346139383566666130336531393532313063336665303230333939633166313038316461613064303862643931393265623164623162363634666331623065366162376237356539613932653334363730393364343739356a685a442b64345a7a4f3243376b71324535715574767071746555786166572b4f547377376b566c6d38773d223b),
('ej1aq74ialr46atqef2vtango1sqpq2e', '::1', 1507016625, 0x5f5f63695f6c6173745f726567656e65726174657c693a313530373031363632353b766370747c643a313530373031303334313b),
('f32rrr899o2pdl8uq1dp28r66k49vpp6', '192.168.3.28', 1506308739, 0x5f5f63695f6c6173745f726567656e65726174657c693a313530363330383733373b766370747c643a313530363330383734303b),
('iost83dh7anocbmuc0o967o9o5nfbh6o', '::1', 1506501457, 0x5f5f63695f6c6173745f726567656e65726174657c693a313530363530313435373b766370747c643a313530363439393135333b6c6f67696e7c623a313b757365726e616d657c733a3137323a226132396161373461666638306337376462653131383163623739343063303336626330303262333033303733343235666463653133313937343137376432306537313435326536316338343834623561363632656666303065633137653137666665316464396661366434323663643366636338623536353533396238616233586c6767527a674867474a7168322b644f7a57396e7855757273794b4a393052674845656b5a30415448383d223b70617373776f72647c733a3231363a22393363323461376635613363653238343562663835376239643736626433353165656433663537303535353166313266366338333436623965653162636361396630306562343338393463373639326539376334316437393366663464633636336465363863646461323232623336613561616333636331396330366436376477757144384365703862347a536e516768382f4e7145596972596c37307753474e2b5230524653782b72633358787839413051646d4f75354a484e524562543675595544324c654852325061357a5848427458544d513d3d223b6c6576656c757365727c733a3137323a2263336134363933623735613433383564623165636630633935316463623565633034383836353062346139383566666130336531393532313063336665303230333939633166313038316461613064303862643931393265623164623162363634666331623065366162376237356539613932653334363730393364343739356a685a442b64345a7a4f3243376b71324535715574767071746555786166572b4f547377376b566c6d38773d223b),
('j3ckaf3dff2rdh7s7ea7mnrnsa066bj8', '::1', 1506669126, 0x5f5f63695f6c6173745f726567656e65726174657c693a313530363636393132363b766370747c643a313530363636383731383b6c6f67696e7c623a313b757365726e616d657c733a3137323a2237313031336431613165393061653133356564353935386562383634326636316632316238303731386361303462303333653835396330333037323736323364363264393938393464623165353338373665336234636464396464373866373035356536316337393964306239393030326133383761336163653030616535357a54325966365849765053565a68356252496345474a462b485a7a7a335a357453524268734b614e6938733d223b70617373776f72647c733a3231363a2266663165363664343634343330356232373661326464343535663466656530623435396630646430343530393333383931316138633436656263663331353162623432353463333739316361373362663039333666343138366232333537633738353432366532633337326631396236363037616234343534346166303131664862795235307a75666d2b552b6233496255546f376a655045525a45554b4672687a666b523861745a78625344354b2b36337632577343574e2f6a695132362f646a537942324c4f46746a6c655077386e44306967673d3d223b6c6576656c757365727c733a3137323a22643633333363376562326534306666396463353466623534666631313564636232666633333164656135666664633134323962376433396635306131623631303234323763366266346264363465386132323835656537346566383730626337316530623238666363633730386530303335633532323536306634663866643959796659663979706d3954556c416e4b41586f79686b437a7850545a4636416e353630495a7263745356453d223b),
('j8ti6aro0c81laotndfc3rf22a3ridpc', '::1', 1506682685, 0x5f5f63695f6c6173745f726567656e65726174657c693a313530363638323638353b766370747c643a313530363636383731383b6c6f67696e7c623a313b757365726e616d657c733a3137323a2237313031336431613165393061653133356564353935386562383634326636316632316238303731386361303462303333653835396330333037323736323364363264393938393464623165353338373665336234636464396464373866373035356536316337393964306239393030326133383761336163653030616535357a54325966365849765053565a68356252496345474a462b485a7a7a335a357453524268734b614e6938733d223b70617373776f72647c733a3231363a2266663165363664343634343330356232373661326464343535663466656530623435396630646430343530393333383931316138633436656263663331353162623432353463333739316361373362663039333666343138366232333537633738353432366532633337326631396236363037616234343534346166303131664862795235307a75666d2b552b6233496255546f376a655045525a45554b4672687a666b523861745a78625344354b2b36337632577343574e2f6a695132362f646a537942324c4f46746a6c655077386e44306967673d3d223b6c6576656c757365727c733a3137323a22643633333363376562326534306666396463353466623534666631313564636232666633333164656135666664633134323962376433396635306131623631303234323763366266346264363465386132323835656537346566383730626337316530623238666363633730386530303335633532323536306634663866643959796659663979706d3954556c416e4b41586f79686b437a7850545a4636416e353630495a7263745356453d223b),
('khvb9qm9qjv3b6qeogkmul8g1n0gcmgp', '::1', 1506914650, 0x5f5f63695f6c6173745f726567656e65726174657c693a313530363931343635303b766370747c643a313530363931333437393b6c6f67696e7c623a313b757365726e616d657c733a3137323a223238383362313239326339316638316333323461306238646132646132306533303661326663386639353462316136326664366161343039363862383733303735656235346161626237366365626132646161626430353135333537383965333765343264353661666163303338643235393364306232346465353064303830464e665873476d53785a6a547538682f6f7a74622b4a594752356a586b576a4150744b5a583177495a30413d223b70617373776f72647c733a3231363a22373962633930363436663338383931363035613864313665663533643736663964323861636138333335343766313931326531373138343438623763373764353162373630626631346632376539643664363536313965313965386366623965363536613132643734333635333333343732616638393139326331623763666335533068616a2f5849452f54366d32553263445a7354794d6632746c326f3041582f306448344c4848573053627662374834627144727a564f506e47716141334c442f716962633142367a4e2f527a6b7a58446f31513d3d223b6c6576656c757365727c733a3137323a2233363131383632646465636536346439666230383033613635316666626636653336323862646331303230616531306365333561356564663236373661383639616261326266613863366630343830353632313963306434343531316666386439343161633138333038396230303732326163323136636263623339373937664a576f7038352b3676716572334e676158494853357355793642656461325667306944584e6d647a3955383d223b),
('li9hm7mqvh47gelpfjupvejv6is9vbmn', '::1', 1507004078, 0x5f5f63695f6c6173745f726567656e65726174657c693a313530373030343037383b766370747c643a313530373030333432323b6c6f67696e7c623a313b757365726e616d657c733a3137323a22616162336632623335366661643532626666383432656439656334623165376262323662663263636236663136363964386531633937343763653536383230316363376366333934636362383432396230346332353162666233623530623336303836666137656134336335326565303535343763323433373736626637323249706c457a6b7244424c4566483958753261307330646f31326947594837453464332f4f694344674b4b6b3d223b70617373776f72647c733a3231363a22303566343337666131633038666234346437326134636137643732363533386464663330623235316137656164393233626261343265613635366466393136386531333032363331633662613162363438376530383063353236626166613334623966313539653365636335306430383235393936643062343961633930653042355045666a306a656656765537474d41746f4d374d6d42346354364a576254784d5a45796e4c496b4e744443306e54456f752f676f502b70593742685562637873696346464d2b556634767a5761572f792f386c513d3d223b6c6576656c757365727c733a3137323a226335623836646231613537653932663436303363326635646538666532323366393163613864336538346232373536363061346264376333343030363539313336343735323266663761393235653836356564386463366362613732306539303566626564363433633938363563646137353065623363366432373862336564784d4a77365a61547a73473667392b375a56614975323638394d424f5452782f34417569674b776c4776493d223b),
('msbgvcsncjd5sg79fb0tvkgiprmmfr1p', '::1', 1506572931, 0x5f5f63695f6c6173745f726567656e65726174657c693a313530363537323933313b766370747c643a313530363537313132353b6c6f67696e7c623a313b757365726e616d657c733a3137323a226539303430303036363833316163393538636662336438336261383636666562386565383363393839396161663530363061303231303835616139646530373762633861336234616333666237313262323236323138396539656637626461356132393131376461623231353261396361653430313965313662383034653137526e643753754f5939443432346936734273586e636a3361713565377458344264667163717656736d7a303d223b70617373776f72647c733a3231363a2263383665363334356562343438646335626131363434346434316633366566636165336636643534666133396636643234383639316338653730363764393730653031623765346438343262303134613630333537633932383630663838313932643430393563323664363564633134613461373862323437393161643032614a79662f4539556432494855497245565353317948506377374d356551563145784f355351452f4c726676684e4f6e4f2b797054374c4e3459386c6c705945766c4e3941636b71354663695039346777306c764a73673d3d223b6c6576656c757365727c733a3137323a2263633631343338326130346531663339316532623035396134313536316537313438633664613864386238363139323733353633313566366332386639346334313432636133306361613561326539346133653661373765616364623662623062376430306431613930363232366466373262343234373066363235333130646a7664395563377042724f69616e5a5a7243485a7637432f794c3048592f446669586171395051796945493d223b),
('n5uk1fpinoh8uhp4om17r2hhpnk3hurt', '::1', 1506942335, 0x5f5f63695f6c6173745f726567656e65726174657c693a313530363934323331353b766370747c643a313530363932343430363b6c6f67696e7c623a313b757365726e616d657c733a3137323a22386466346164326331323130613764636261313138373263646239346232643264616138653936326162316334346163633030653031393936343433616364326133333335623537376662393466306434396662613431613534313261663533393165396430636666303234623166646239646566373539623333643163306674776236744b483070645a592b7a784765526c396c634d334e75504d546961514a746c4d664d4a745a2b453d223b70617373776f72647c733a3231363a226231663437313461626537663461313964343565643230333634303461373963633961313632643131366366656638646566323038643539323565323861313566353466313138613763643763376231373939323435633639373235343766313166343435326362633738643136316337396531373963613463663964373936386f5a694e35506e437a3771576c71554450644f446d4e794f442b674230345447336b745a356c6d725a66646a76463650533757644c706c434f66794b6262443857754a6d724f586e615136334632384b43514c78513d3d223b6c6576656c757365727c733a3137323a2234386537626364386465363431343133323961646432386433393035633861346237333638313035623634323764343932633962613764393964306638313637383766313161656131663736346261663961623266393462663136626234326333613062366231313966313464663532343435363036376164396632643630376f676b494b735a6241386c31656d447a316e4e645a434d594f476547537747323733736e584a524e4d696f3d223b),
('nkpl439f6b9detsf16pid50l92k2mb36', '::1', 1506249928, 0x5f5f63695f6c6173745f726567656e65726174657c693a313530363234393932363b766370747c643a313530363234393932383b),
('o1mu6g4md839e5i09ocjilvlrr3ae9ir', '::1', 1506500746, 0x5f5f63695f6c6173745f726567656e65726174657c693a313530363530303734363b766370747c643a313530363439393135333b6c6f67696e7c623a313b757365726e616d657c733a3137323a226132396161373461666638306337376462653131383163623739343063303336626330303262333033303733343235666463653133313937343137376432306537313435326536316338343834623561363632656666303065633137653137666665316464396661366434323663643366636338623536353533396238616233586c6767527a674867474a7168322b644f7a57396e7855757273794b4a393052674845656b5a30415448383d223b70617373776f72647c733a3231363a22393363323461376635613363653238343562663835376239643736626433353165656433663537303535353166313266366338333436623965653162636361396630306562343338393463373639326539376334316437393366663464633636336465363863646461323232623336613561616333636331396330366436376477757144384365703862347a536e516768382f4e7145596972596c37307753474e2b5230524653782b72633358787839413051646d4f75354a484e524562543675595544324c654852325061357a5848427458544d513d3d223b6c6576656c757365727c733a3137323a2263336134363933623735613433383564623165636630633935316463623565633034383836353062346139383566666130336531393532313063336665303230333939633166313038316461613064303862643931393265623164623162363634666331623065366162376237356539613932653334363730393364343739356a685a442b64345a7a4f3243376b71324535715574767071746555786166572b4f547377376b566c6d38773d223b);
INSERT INTO `ci_sessions` (`id`, `ip_address`, `timestamp`, `data`) VALUES
('o8cc3b4hgt5l6mv0igqjfnc28qpadd7g', '::1', 1506308715, 0x5f5f63695f6c6173745f726567656e65726174657c693a313530363330383731353b766370747c643a313530363330383337313b6c6f67696e7c623a313b757365726e616d657c733a3137323a223765386539366362396531643038613961643833373364633162323531636631613966373237303066323037643338306230383966646131616138356533373632323137653536346464333735323666613664303535393566346632313064353039393836313438663661306364336532303436623439363665643239616231585931464868514976516a2f4b5145687650396551633072764963594c694f507575417832712f4f2b52593d223b70617373776f72647c733a3231363a2236363831613038383164396630323362313538393532643832663330333131656162306164393737646230376265633963636562323866393032663163336639316233303765393462313133306537666437623433393739666436613934613435363537323364313361393964653330646330383639323363353763336335377956585375563468575341526d45312b41724956535176544f3130416230636d4d634f4571593569306278452f384d707074502b476d5a54586576656b6e492b51584a39686334594f61325a5530516e66356f6b66673d3d223b6c6576656c757365727c733a3137323a22633532376331353963653034616132393865643638363566623261326237373834303438393037643733663663326264333365353437643330633936663838393635303739303338643832323335346661613632333538383165346339636363663339396430313361366438383736626465313863646165643033383165396532657a4b7263334b37756e4b486f6841306c457a74775069626c36582b764136597272363358586e794a343d223b),
('popufard10vapotac3o3e1opgquf6dv9', '::1', 1506507998, 0x5f5f63695f6c6173745f726567656e65726174657c693a313530363530373939383b766370747c643a313530363439393135333b6c6f67696e7c623a313b757365726e616d657c733a3137323a226132396161373461666638306337376462653131383163623739343063303336626330303262333033303733343235666463653133313937343137376432306537313435326536316338343834623561363632656666303065633137653137666665316464396661366434323663643366636338623536353533396238616233586c6767527a674867474a7168322b644f7a57396e7855757273794b4a393052674845656b5a30415448383d223b70617373776f72647c733a3231363a22393363323461376635613363653238343562663835376239643736626433353165656433663537303535353166313266366338333436623965653162636361396630306562343338393463373639326539376334316437393366663464633636336465363863646461323232623336613561616333636331396330366436376477757144384365703862347a536e516768382f4e7145596972596c37307753474e2b5230524653782b72633358787839413051646d4f75354a484e524562543675595544324c654852325061357a5848427458544d513d3d223b6c6576656c757365727c733a3137323a2263336134363933623735613433383564623165636630633935316463623565633034383836353062346139383566666130336531393532313063336665303230333939633166313038316461613064303862643931393265623164623162363634666331623065366162376237356539613932653334363730393364343739356a685a442b64345a7a4f3243376b71324535715574767071746555786166572b4f547377376b566c6d38773d223b),
('rbs7vb81acnjacf9t0fbrmm8fda2bep5', '::1', 1506499657, 0x5f5f63695f6c6173745f726567656e65726174657c693a313530363439393635373b766370747c643a313530363439393135333b6c6f67696e7c623a313b757365726e616d657c733a3137323a226132396161373461666638306337376462653131383163623739343063303336626330303262333033303733343235666463653133313937343137376432306537313435326536316338343834623561363632656666303065633137653137666665316464396661366434323663643366636338623536353533396238616233586c6767527a674867474a7168322b644f7a57396e7855757273794b4a393052674845656b5a30415448383d223b70617373776f72647c733a3231363a22393363323461376635613363653238343562663835376239643736626433353165656433663537303535353166313266366338333436623965653162636361396630306562343338393463373639326539376334316437393366663464633636336465363863646461323232623336613561616333636331396330366436376477757144384365703862347a536e516768382f4e7145596972596c37307753474e2b5230524653782b72633358787839413051646d4f75354a484e524562543675595544324c654852325061357a5848427458544d513d3d223b6c6576656c757365727c733a3137323a2263336134363933623735613433383564623165636630633935316463623565633034383836353062346139383566666130336531393532313063336665303230333939633166313038316461613064303862643931393265623164623162363634666331623065366162376237356539613932653334363730393364343739356a685a442b64345a7a4f3243376b71324535715574767071746555786166572b4f547377376b566c6d38773d223b),
('rimbr1vga0rk5ecad80bdt1n7n73p0h7', '::1', 1506509605, 0x5f5f63695f6c6173745f726567656e65726174657c693a313530363530393630353b766370747c643a313530363439393135333b6c6f67696e7c623a313b757365726e616d657c733a3137323a226132396161373461666638306337376462653131383163623739343063303336626330303262333033303733343235666463653133313937343137376432306537313435326536316338343834623561363632656666303065633137653137666665316464396661366434323663643366636338623536353533396238616233586c6767527a674867474a7168322b644f7a57396e7855757273794b4a393052674845656b5a30415448383d223b70617373776f72647c733a3231363a22393363323461376635613363653238343562663835376239643736626433353165656433663537303535353166313266366338333436623965653162636361396630306562343338393463373639326539376334316437393366663464633636336465363863646461323232623336613561616333636331396330366436376477757144384365703862347a536e516768382f4e7145596972596c37307753474e2b5230524653782b72633358787839413051646d4f75354a484e524562543675595544324c654852325061357a5848427458544d513d3d223b6c6576656c757365727c733a3137323a2263336134363933623735613433383564623165636630633935316463623565633034383836353062346139383566666130336531393532313063336665303230333939633166313038316461613064303862643931393265623164623162363634666331623065366162376237356539613932653334363730393364343739356a685a442b64345a7a4f3243376b71324535715574767071746555786166572b4f547377376b566c6d38773d223b),
('ro1mrdds2fmcg79l6dlon36u2n0sjbfg', '::1', 1506508691, 0x5f5f63695f6c6173745f726567656e65726174657c693a313530363530383639313b766370747c643a313530363439393135333b6c6f67696e7c623a313b757365726e616d657c733a3137323a226132396161373461666638306337376462653131383163623739343063303336626330303262333033303733343235666463653133313937343137376432306537313435326536316338343834623561363632656666303065633137653137666665316464396661366434323663643366636338623536353533396238616233586c6767527a674867474a7168322b644f7a57396e7855757273794b4a393052674845656b5a30415448383d223b70617373776f72647c733a3231363a22393363323461376635613363653238343562663835376239643736626433353165656433663537303535353166313266366338333436623965653162636361396630306562343338393463373639326539376334316437393366663464633636336465363863646461323232623336613561616333636331396330366436376477757144384365703862347a536e516768382f4e7145596972596c37307753474e2b5230524653782b72633358787839413051646d4f75354a484e524562543675595544324c654852325061357a5848427458544d513d3d223b6c6576656c757365727c733a3137323a2263336134363933623735613433383564623165636630633935316463623565633034383836353062346139383566666130336531393532313063336665303230333939633166313038316461613064303862643931393265623164623162363634666331623065366162376237356539613932653334363730393364343739356a685a442b64345a7a4f3243376b71324535715574767071746555786166572b4f547377376b566c6d38773d223b),
('sekc4jpme1arqkdlnmkboqhgrnt9eo3c', '::1', 1506313531, 0x5f5f63695f6c6173745f726567656e65726174657c693a313530363331333532373b766370747c643a313530363331333533313b),
('sgsica7ardd3sdun5vd89k7hl251jc11', '::1', 1506013021, 0x5f5f63695f6c6173745f726567656e65726174657c693a313530363031333032303b766370747c643a313530363031333032313b),
('sk60o4n4d0fu91s47gv43opfirete8e5', '::1', 1506915548, 0x5f5f63695f6c6173745f726567656e65726174657c693a313530363931353534383b766370747c643a313530363931333437393b6c6f67696e7c623a313b757365726e616d657c733a3137323a223238383362313239326339316638316333323461306238646132646132306533303661326663386639353462316136326664366161343039363862383733303735656235346161626237366365626132646161626430353135333537383965333765343264353661666163303338643235393364306232346465353064303830464e665873476d53785a6a547538682f6f7a74622b4a594752356a586b576a4150744b5a583177495a30413d223b70617373776f72647c733a3231363a22373962633930363436663338383931363035613864313665663533643736663964323861636138333335343766313931326531373138343438623763373764353162373630626631346632376539643664363536313965313965386366623965363536613132643734333635333333343732616638393139326331623763666335533068616a2f5849452f54366d32553263445a7354794d6632746c326f3041582f306448344c4848573053627662374834627144727a564f506e47716141334c442f716962633142367a4e2f527a6b7a58446f31513d3d223b6c6576656c757365727c733a3137323a2233363131383632646465636536346439666230383033613635316666626636653336323862646331303230616531306365333561356564663236373661383639616261326266613863366630343830353632313963306434343531316666386439343161633138333038396230303732326163323136636263623339373937664a576f7038352b3676716572334e676158494853357355793642656461325667306944584e6d647a3955383d223b),
('svp9jp6aamudiosto2ajoqnbtego1l3t', '::1', 1506939274, 0x5f5f63695f6c6173745f726567656e65726174657c693a313530363933393237343b766370747c643a313530363932343430363b6c6f67696e7c623a313b757365726e616d657c733a3137323a22386466346164326331323130613764636261313138373263646239346232643264616138653936326162316334346163633030653031393936343433616364326133333335623537376662393466306434396662613431613534313261663533393165396430636666303234623166646239646566373539623333643163306674776236744b483070645a592b7a784765526c396c634d334e75504d546961514a746c4d664d4a745a2b453d223b70617373776f72647c733a3231363a226231663437313461626537663461313964343565643230333634303461373963633961313632643131366366656638646566323038643539323565323861313566353466313138613763643763376231373939323435633639373235343766313166343435326362633738643136316337396531373963613463663964373936386f5a694e35506e437a3771576c71554450644f446d4e794f442b674230345447336b745a356c6d725a66646a76463650533757644c706c434f66794b6262443857754a6d724f586e615136334632384b43514c78513d3d223b6c6576656c757365727c733a3137323a2234386537626364386465363431343133323961646432386433393035633861346237333638313035623634323764343932633962613764393964306638313637383766313161656131663736346261663961623266393462663136626234326333613062366231313966313464663532343435363036376164396632643630376f676b494b735a6241386c31656d447a316e4e645a434d594f476547537747323733736e584a524e4d696f3d223b),
('tqilaio9gqh9bvg8s7ksfpganbpite76', '::1', 1506572937, 0x5f5f63695f6c6173745f726567656e65726174657c693a313530363537323933313b766370747c643a313530363537313132353b6c6f67696e7c623a313b757365726e616d657c733a3137323a226539303430303036363833316163393538636662336438336261383636666562386565383363393839396161663530363061303231303835616139646530373762633861336234616333666237313262323236323138396539656637626461356132393131376461623231353261396361653430313965313662383034653137526e643753754f5939443432346936734273586e636a3361713565377458344264667163717656736d7a303d223b70617373776f72647c733a3231363a2263383665363334356562343438646335626131363434346434316633366566636165336636643534666133396636643234383639316338653730363764393730653031623765346438343262303134613630333537633932383630663838313932643430393563323664363564633134613461373862323437393161643032614a79662f4539556432494855497245565353317948506377374d356551563145784f355351452f4c726676684e4f6e4f2b797054374c4e3459386c6c705945766c4e3941636b71354663695039346777306c764a73673d3d223b6c6576656c757365727c733a3137323a2263633631343338326130346531663339316532623035396134313536316537313438633664613864386238363139323733353633313566366332386639346334313432636133306361613561326539346133653661373765616364623662623062376430306431613930363232366466373262343234373066363235333130646a7664395563377042724f69616e5a5a7243485a7637432f794c3048592f446669586171395051796945493d223b),
('tudf8p5gqrvfr6te0i0i2fpf7h6etc9r', '192.168.3.127', 1506326807, 0x5f5f63695f6c6173745f726567656e65726174657c693a313530363332363830303b766370747c643a313530363332363830373b),
('uflqrvtmg3954h7r0kl8v25kfprc66pi', '::1', 1505988352, 0x5f5f63695f6c6173745f726567656e65726174657c693a313530353938383335303b766370747c643a313530353938383335323b),
('vqvd6a389s6n6rsvgjgm55o4dqr1jgqt', '::1', 1506928852, 0x5f5f63695f6c6173745f726567656e65726174657c693a313530363932383835323b766370747c643a313530363932343430363b6c6f67696e7c623a313b757365726e616d657c733a3137323a22386466346164326331323130613764636261313138373263646239346232643264616138653936326162316334346163633030653031393936343433616364326133333335623537376662393466306434396662613431613534313261663533393165396430636666303234623166646239646566373539623333643163306674776236744b483070645a592b7a784765526c396c634d334e75504d546961514a746c4d664d4a745a2b453d223b70617373776f72647c733a3231363a226231663437313461626537663461313964343565643230333634303461373963633961313632643131366366656638646566323038643539323565323861313566353466313138613763643763376231373939323435633639373235343766313166343435326362633738643136316337396531373963613463663964373936386f5a694e35506e437a3771576c71554450644f446d4e794f442b674230345447336b745a356c6d725a66646a76463650533757644c706c434f66794b6262443857754a6d724f586e615136334632384b43514c78513d3d223b6c6576656c757365727c733a3137323a2234386537626364386465363431343133323961646432386433393035633861346237333638313035623634323764343932633962613764393964306638313637383766313161656131663736346261663961623266393462663136626234326333613062366231313966313464663532343435363036376164396632643630376f676b494b735a6241386c31656d447a316e4e645a434d594f476547537747323733736e584a524e4d696f3d223b);

-- --------------------------------------------------------

--
-- Table structure for table `tb_log`
--

CREATE TABLE `tb_log` (
  `log_time` timestamp NOT NULL DEFAULT '0000-00-00 00:00:00',
  `log_name` varchar(20) NOT NULL,
  `log_user` varchar(15) NOT NULL,
  `log_message` varchar(200) NOT NULL,
  `ip_address` varchar(15) NOT NULL
) ENGINE=InnoDB DEFAULT CHARSET=utf8;

--
-- Dumping data for table `tb_log`
--

INSERT INTO `tb_log` (`log_time`, `log_name`, `log_user`, `log_message`, `ip_address`) VALUES
('2017-09-24 10:38:56', 'LOGIN', 'INDRA', 'MASUK KE SISTEM REPORT', '::1'),
('2017-09-24 10:45:26', 'LOGOUT', 'INDRA', 'KELUAR DARI SISTEM REPORT', '::1'),
('2017-09-25 02:52:38', 'LOGIN', 'INDRA', 'MASUK KE SISTEM REPORT', '::1'),
('2017-09-25 02:59:28', 'LOGOUT', 'INDRA', 'KELUAR DARI SISTEM REPORT', '::1'),
('2017-09-25 02:59:42', 'LOGIN', 'ANDREW', 'MASUK KE SISTEM REPORT', '::1'),
('2017-09-25 03:05:28', 'LOGOUT', 'ANDREW', 'KELUAR DARI SISTEM REPORT', '::1'),
('2017-09-25 03:36:25', 'LOGIN', 'ANDREW', 'MASUK KE SISTEM REPORT', '192.168.3.127'),
('2017-09-25 04:18:06', 'LOGIN', 'ANDREW', 'MASUK KE SISTEM REPORT', '::1'),
('2017-09-25 04:25:27', 'LOGOUT', 'ANDREW', 'KELUAR DARI SISTEM REPORT', '::1'),
('2017-09-25 08:06:39', 'LOGOUT', '', 'KELUAR DARI SISTEM REPORT', '192.168.3.127'),
('2017-09-27 03:39:42', 'LOGIN', 'INDRA', 'MASUK KE SISTEM REPORT', '::1'),
('2017-09-27 07:59:20', 'LOGIN', 'INDRA', 'MASUK KE SISTEM REPORT', '::1'),
('2017-09-28 03:58:50', 'LOGIN', 'INDRA', 'MASUK KE SISTEM REPORT', '::1'),
('2017-09-28 05:33:35', 'LOGOUT', '', 'KELUAR DARI SISTEM REPORT', '::1'),
('2017-09-28 06:51:00', 'LOGIN', 'INDRA', 'MASUK KE SISTEM REPORT', '::1'),
('2017-09-28 07:33:27', 'LOGOUT', 'INDRA', 'KELUAR DARI SISTEM REPORT', '::1'),
('2017-09-29 07:05:28', 'LOGIN', 'INDRA', 'MASUK KE SISTEM REPORT', '::1'),
('2017-10-02 03:04:47', 'LOGIN', 'INDRA', 'MASUK KE SISTEM REPORT', '::1'),
('2017-10-02 06:06:55', 'LOGIN', 'INDRA', 'MASUK KE SISTEM REPORT', '::1'),
('2017-10-03 04:03:48', 'LOGIN', 'INDRA', 'MASUK KE SISTEM REPORT', '::1'),
('2017-10-03 05:58:59', 'LOGOUT', 'INDRA', 'KELUAR DARI SISTEM REPORT', '::1'),
('2017-10-03 10:29:29', 'LOGIN', 'INDRA', 'MASUK KE SISTEM REPORT', '::1'),
('2017-10-03 11:39:24', 'LOGOUT', 'INDRA', 'KELUAR DARI SISTEM REPORT', '::1');

-- --------------------------------------------------------

--
-- Table structure for table `tg_menu`
--

CREATE TABLE `tg_menu` (
  `id_menu` int(6) NOT NULL,
  `fs_group` int(6) NOT NULL DEFAULT '0',
  `fs_kd_comp` varchar(10) NOT NULL,
  `fs_kd_parent` varchar(10) NOT NULL,
  `fs_kd_child` varchar(10) NOT NULL,
  `fs_nm_menu` varchar(50) NOT NULL,
  `fs_nm_form` varchar(50) NOT NULL,
  `fb_root` int(1) NOT NULL,
  `fs_nm_formweb` varchar(50) NOT NULL
) ENGINE=InnoDB DEFAULT CHARSET=utf8;

--
-- Dumping data for table `tg_menu`
--

INSERT INTO `tg_menu` (`id_menu`, `fs_group`, `fs_kd_comp`, `fs_kd_parent`, `fs_kd_child`, `fs_nm_menu`, `fs_nm_form`, `fb_root`, `fs_nm_formweb`) VALUES
(1, 0, 'REPORT', '1', '', 'REPORT', '0', 1, '0'),
(2, 0, 'REPORT', '1', '200', 'Dashboard', '0', 1, 'dashboard'),
(3, 0, 'REPORT', '1', '201', 'First Payment Default', '0', 1, 'fpd'),
(4, 0, 'REPORT', '1', '202', 'Aging Surveyor', '0', 1, 'aging'),
(5, 0, 'REPORT', '5', '', 'MASTER', '0', 1, '0'),
(6, 0, 'REPORT', '5', '300', 'Master Cabang', '0', 1, 'mastercabang'),
(7, 0, 'REPORT', '5', '301', 'Master Dealer', '0', 1, 'masterdealer'),
(8, 0, 'REPORT', '5', '302', 'Master Surveyor', '0', 1, 'mastersurveyor'),
(9, 0, 'REPORT', '5', '303', 'Master User', '0', 1, 'masteruser'),
(10, 0, 'REPORT', '10', '', 'UTILITY', '0', 1, '0'),
(11, 0, 'REPORT', '10', '400', 'Change Password', '0', 1, 'changepass');

-- --------------------------------------------------------

--
-- Table structure for table `tm_cabang`
--

CREATE TABLE `tm_cabang` (
  `fs_kode_cabang` varchar(2) NOT NULL DEFAULT '0',
  `fs_nama_cabang` varchar(30) NOT NULL,
  `fs_alamat_cabang` varchar(100) NOT NULL,
  `fs_kota_cabang` varchar(30) NOT NULL,
  `fs_kodepos_cabang` varchar(5) DEFAULT NULL,
  `fs_telepon_cabang` varchar(15) DEFAULT NULL,
  `fs_fax_cabang` varchar(15) DEFAULT NULL,
  `fs_email_cabang` varchar(35) NOT NULL,
  `fs_nama_pimpinan` varchar(50) DEFAULT NULL,
  `fs_jabatan_pimpinan` varchar(30) DEFAULT NULL,
  `fs_ktp_pimpinan` varchar(30) DEFAULT NULL,
  `fs_email_pimpinan` varchar(35) DEFAULT NULL,
  `fs_nama_bank_angsuran` varchar(30) DEFAULT NULL,
  `fs_rekening_bank_angsuran` varchar(30) DEFAULT NULL,
  `fs_atasnama_bank_angsuran` varchar(30) DEFAULT NULL,
  `fs_wilayah_asuransi` varchar(1) DEFAULT NULL,
  `fs_aktif` set('1','0') NOT NULL DEFAULT '0',
  `fs_user_buat` varchar(15) DEFAULT NULL,
  `fd_tanggal_buat` date DEFAULT NULL,
  `fs_user_edit` varchar(15) DEFAULT NULL,
  `fd_tanggal_edit` date DEFAULT NULL
) ENGINE=InnoDB DEFAULT CHARSET=utf8;

--
-- Dumping data for table `tm_cabang`
--

INSERT INTO `tm_cabang` (`fs_kode_cabang`, `fs_nama_cabang`, `fs_alamat_cabang`, `fs_kota_cabang`, `fs_kodepos_cabang`, `fs_telepon_cabang`, `fs_fax_cabang`, `fs_email_cabang`, `fs_nama_pimpinan`, `fs_jabatan_pimpinan`, `fs_ktp_pimpinan`, `fs_email_pimpinan`, `fs_nama_bank_angsuran`, `fs_rekening_bank_angsuran`, `fs_atasnama_bank_angsuran`, `fs_wilayah_asuransi`, `fs_aktif`, `fs_user_buat`, `fd_tanggal_buat`, `fs_user_edit`, `fd_tanggal_edit`) VALUES
('00', 'HEAD OFFICE', 'JL. R.S FATMAWATI NO. 29', 'JAKARTA SELATAN', '', '0217509165', '0217509163', 'mfipusat@mandirifinance.com', '', '', '0.00', '', '', '', '', '2', '1', 'INDRA', '2017-10-02', 'INDRA', '2017-10-02'),
('10', 'CABANG SUNTER', 'JL. GRIYA UTAMA RAYA KAV 6 - 8 SUNTER KEMAYORAN', 'JAKARTA UTARA', '', '0216404115', '0216404114', 'mfisunter@mandirifinance.com', '', '', '', '', '', '', '', '2', '1', 'INDRA', '2017-10-02', 'INDRA', '2017-10-02'),
('11', 'CABANG SUNTER', 'JL. GRIYA UTAMA RAYA KAV 6 - 8 SUNTER KEMAYORAN', 'JAKARTA UTARA', '14350', '0216404115', '0216404114', 'mfisunter@mandirifinance.com', '', '', '', '', '', '', '', '2', '1', 'INDRA', '2017-10-02', 'INDRA', '2017-10-02'),
('12', 'CABANG BSD', 'JL. RUKO TOL BOULEVARD BLOK D 6 - 8', 'TANGERANG', '15418', '0215371999', '0215316141', 'mfibsd@mandirifinance.com', 'STEFANUS SYAIFUL', '', '', '', 'BCA CAB. BSD', '370-301-0411', 'PT. MANDIRI FINANCE INDONESIA', '2', '1', 'INDRA', '2017-10-02', 'INDRA', '2017-10-02'),
('14', 'CABANG BOGOR', 'JL. RAYA TAJUR NO.109', 'BOGOR', '16141', '02518313897', '02518384141', 'mfibogor@mandirifinance.com', 'WIDOYO PRAYOGO', '', '', '', 'BCA CAB. KARANG ANYAR', '370-302-0018', 'PT. MANDIRI FINANCE INDONESIA', '2', '1', 'INDRA', '2017-10-02', 'INDRA', '2017-10-02'),
('15', 'CABANG FATMAWATI', 'JL. R.S. FATMAWATI NO. 29', 'JAKARTA SELATAN', '1000', '', '', 'mfifatmawati@mandirifinance.com', '', '', '', '', '', '', '', '2', '1', 'INDRA', '2017-10-02', 'INDRA', '2017-10-02'),
('17', 'CABANG CIBINONG', 'JL. RAYA TALANG NO. 139 A-E', 'BOGOR', '', '', '', 'mficibinong@mandirifinance.com', '', '', '', '', '', '', '', '2', '1', 'INDRA', '2017-10-02', 'INDRA', '2017-10-02'),
('18', 'CABANG CIBUBUR', 'JL. ALTERNATIF CIBUBUR RAYA NO. 176 KEL. NAGRAK KEC. GUNUNG PUTRI', 'BOGOR', '16967', '02182486777', '-', 'mficibubur@mandirifinance.com', 'WIDOYO PRAYOGO', '', '', '', 'BCA CAB. DANAU SUNTER', '419-302-5890', 'PT. MANDIRI FINANCE INDONESIA', '2', '1', 'INDRA', '2017-10-02', 'INDRA', '2017-10-02'),
('21', 'CABANG BANJARMASIN', 'JL. KOLONEL SUGIONO NO. 46', 'BANJARMASIN', '70241', '05113254000', '05113258400', 'mfibanjarmasin@mandirifinance.com', 'M. JAYA WILDAN, SH', '', '', '', 'MANDIRI CAB. BANJARMASIN', '031-000-481-5364', 'PT. MANDIRI FINANCE INDONESIA', '3', '1', 'INDRA', '2017-10-02', 'INDRA', '2017-10-02'),
('24', 'CABANG PALANGKARAYA', 'JL. KS TUBUN NO. 47', 'PALANGKARAYA', '73111', '05363220650', '-', 'mfipalangkaraya@mandirifinance.com', 'SYAIFUL RACHMAN', '', '', '', 'MANDIRI CAB. PALANGKARAYA', '124-000-455-6883', 'PT, MANDIRI FINANCE INDONESIA', '3', '1', 'INDRA', '2017-10-02', 'INDRA', '2017-10-02'),
('25', 'CABANG SAMPIT', 'JL. MT. HARYONO BARAT NO.86', 'SAMPIT', '74322', '05312068767', '05312068766', 'mfisampit@mandirifinance.com', 'SANNY CHAN', '', '', '', 'MANDIRI CAB. SAMPIT', '124-000-455-6875', 'PT. MANDIRI FINANCE INDONESIA', '3', '1', 'INDRA', '2017-10-02', 'INDRA', '2017-10-02'),
('26', 'CABANG PANGKALANBUN', 'JL. AHMAD YANI KM 1,6 NO. 5 KEL. BARU KEC. ARUT SELATAN KAB. KOTAWARINGIN BARAT', 'PANGKALANBUN', '74113', '053228077', '053228077', 'mfipangkalanbun@mandirifinance.com', 'SOFYAN YASDI', '', '', '', 'MANDIRI CAB. SAMPIT', '124-000-455-6875', 'PT. MANDIRI FINANCE INDONESIA', '3', '1', 'INDRA', '2017-10-02', 'INDRA', '2017-10-02'),
('30', 'CABANG SURABAYA', 'JL. URIP SUMOHARJO NO. 51', 'SURABAYA', '', '0315464 333', '0315464222', 'mfisurabaya@mandirifinance.com', '', '', '', '', '', '', '', '3', '1', 'INDRA', '2017-10-02', 'INDRA', '2017-10-02'),
('32', 'CABANG BALI', 'JL. BY PASS NGURAH RAI NO. 37', 'BALI', '80222', '0361720399', '0361720022', 'mfibali@mandirifinance.com', 'I GEDE ARIYA SASTRA NEGARA', '', '', '', 'BCA CAB. FATMAWATI', '071-381-6890', 'PT. MANDIRI FINANCE INDONESIA', '3', '1', 'INDRA', '2017-10-02', 'INDRA', '2017-10-02'),
('40', 'CABANG MANADO', 'JL. WOLTER MONGINSIDI NO. 159 - 163', 'MANADO', '95115', '0431824780', '0431834663', 'mfimanado@mandirifinance.com', 'RASLI MERENTEK', '', '', '', 'MANDIRI', '124-000-454-5662', 'PT. MANDIRI FINANCE INDONESIA', '3', '1', 'INDRA', '2017-10-02', 'INDRA', '2017-10-02'),
('45', 'CABANG TOMOHON', 'JL. SAMRATULANGI KEL.MATANI TIGA KEC. TOMOHON TENGAH', 'TOMOHON', '95443', '04313159555', '-', 'mfitomohon@mandirifinance.com', 'RASLI MERENTEK', '', '', '', 'MANDIRI', '124-000-454-5662', 'PT. MANDIRI FINANCE INDONESIA', '3', '1', 'INDRA', '2017-10-02', 'INDRA', '2017-10-02'),
('46', 'CABANG KOTAMOBAGU', 'JL. ADAMPE DOLOT NO. 38', 'KOTAMOBAGU', '', '04342628056', '04342628056', 'mfikotamobagu@mandirifinance.com', '', '', '', '', '', '', '', '3', '1', 'INDRA', '2017-10-02', 'INDRA', '2017-10-02'),
('51', 'CABANG PANGKALPINANG', 'JL. A. YANI NO. 18 - 19 DEPAN PASAR PAGI KEL. KACANG PEDANG KEC. GERUNGGANG', 'PANGKALPINANG', '33125', '07174255008', '-', 'mfipangkalpinang@mandirifinance.com', 'SELAMAT RAHARJO', '', '', '', 'MANDIRI CAB. PANGKALPINANG', '124-000-455-6917', 'PT. MANDIRI FINANCE INDONESIA', '1', '1', 'INDRA', '2017-10-02', 'INDRA', '2017-10-02'),
('52', 'CABANG SUNGAILIAT', 'JL. MUHIDIN ( AIR ANYUT) NO. 141 KEL. SUNGAILIAT KEC. SUNGAI LIAT', 'SUNGAILIAT', '33211', '071794993', '-', 'mfisungailiat@mandirifinance.com', 'SELAMAT RAHARJO', '', '', '', 'MANDIRI CAB. PANGKALPINANG', '124-000-455-6917', 'PT. MANDIRI FINANCE INDONESIA', '1', '1', 'INDRA', '2017-10-02', 'INDRA', '2017-10-02'),
('60', 'CABANG JAMBI', 'JL. D.I. PANJAITAN NO. 16 KEBUN HANDIL', 'JAMBI', '36136', '0741445168', '0741445139', 'mfijambi@mandirifinance.com', 'IHSYAN', '', '', '', 'MANDIRI MEGA KUNINGAN JAKARTA', '124-000-448-2544', 'PT. MANDIRI FINANCE INDONESIA', '1', '1', 'INDRA', '2017-10-02', 'INDRA', '2017-10-02'),
('61', 'CABANG PALEMBANG', 'JL. BASUKI RAHMAT NO. 1544', 'PALEMBANG', '30128', '0711414799', '-', 'mfipalembang@mandirifinance.com', 'HENDRA SAPUTRA', 'BUSINESS MANAGER', '', '', 'MANDIRI CAB. JKT CIDENG', '121-000-211-3003', 'PT. MANDIRI FINANCE INDONESIA', '1', '1', 'INDRA', '2017-10-02', 'INDRA', '2017-10-02'),
('73', 'CABANG FATMAWATI', 'JL. R.S. FATMAWATI NO. 29', 'JAKARTA SELATAN', '1000', '0217509165', '0217509163', 'mfifatmawati@mandirifinance.com', '', '', '', '', '', '', '', '2', '1', 'INDRA', '2017-10-02', 'INDRA', '2017-10-02'),
('76', 'CABANG BANDUNG', 'JL. KIARA CONDONG NO. 338', 'BANDUNG', '40275', '0227312100', '0227312300', 'mfibandung@mandirifinance.com', 'IMAM SUBARI', '', '', '', 'BCA', '071-301-8993', 'PT. GLOBAL INDOTRADA', '2', '1', 'INDRA', '2017-10-02', 'INDRA', '2017-10-02'),
('82', 'CABANG JAKARTA1', 'JL. R.S. FATMAWATI NO. 29', 'JAKARTA SELATAN', '12430', '021-7509165', '021-7509163', '', 'SEMANGKIN HANDAJANI', 'BUSINESS MANAGER', '', '', '', '', '', '2', '1', 'INDRA', '2017-10-02', 'INDRA', '2017-10-02'),
('83', 'CABANG JAKARTA2', 'JL. R.S. FATMAWATI NO. 29', 'JAKARTA SELATAN', '12430', '021-7509165', '021-7509163', '', 'SEMANGKIN HANDAJANI', 'BUSINESS MANAGER', '', '', '', '', '', '2', '1', 'INDRA', '2017-10-02', 'INDRA', '2017-10-02');

-- --------------------------------------------------------

--
-- Table structure for table `tm_dealer`
--

CREATE TABLE `tm_dealer` (
  `fs_kode_cabang` varchar(2) NOT NULL,
  `fs_kode_dealer1` varchar(2) NOT NULL,
  `fs_kode_dealer2` varchar(2) NOT NULL,
  `fn_cabang_dealer` int(3) NOT NULL,
  `fs_nama_dealer` varchar(30) DEFAULT NULL,
  `fs_alamat_dealer` varchar(100) DEFAULT NULL,
  `fs_kota_dealer` varchar(30) DEFAULT NULL,
  `fs_kodepos_dealer` varchar(5) DEFAULT NULL,
  `fs_telepon_dealer` varchar(15) DEFAULT NULL,
  `fs_handphone_dealer` varchar(15) DEFAULT NULL,
  `fs_nama_pemilik` varchar(30) DEFAULT NULL,
  `fs_npwp_pemilik` varchar(30) DEFAULT NULL,
  `fs_ktp_pemilik` varchar(30) DEFAULT NULL,
  `fs_nama_bank_pencairan` varchar(30) DEFAULT NULL,
  `fs_rekening_bank_pencairan` varchar(30) DEFAULT NULL,
  `fs_atasnama_bank_pencairan` varchar(30) DEFAULT NULL,
  `fn_persen_refund_bunga` decimal(4,2) DEFAULT NULL,
  `fn_persen_refund_asuransi` decimal(4,2) DEFAULT NULL,
  `fs_iduser_buat` varchar(30) DEFAULT NULL,
  `fd_tanggal_buat` date DEFAULT NULL,
  `fs_iduser_edit` varchar(30) DEFAULT NULL,
  `fd_tanggal_edit` date DEFAULT NULL
) ENGINE=InnoDB DEFAULT CHARSET=utf8;

-- --------------------------------------------------------

--
-- Table structure for table `tm_parlevel`
--

CREATE TABLE `tm_parlevel` (
  `fs_kd_parent` varchar(2) NOT NULL,
  `fs_kd_child` varchar(4) NOT NULL,
  `fs_level` varchar(20) DEFAULT NULL,
  `fs_index` varchar(20) DEFAULT NULL
) ENGINE=InnoDB DEFAULT CHARSET=utf8;

--
-- Dumping data for table `tm_parlevel`
--

INSERT INTO `tm_parlevel` (`fs_kd_parent`, `fs_kd_child`, `fs_level`, `fs_index`) VALUES
('7', '301', 'ADMIN', '1'),
('7', '302', 'ADMIN', '1'),
('1', '', 'SUPERADMIN', '1'),
('1', '200', 'SUPERADMIN', '1'),
('1', '201', 'SUPERADMIN', '1'),
('1', '202', 'SUPERADMIN', '1'),
('1', '203', 'SUPERADMIN', '1'),
('1', '204', 'SUPERADMIN', '1'),
('11', '', 'SUPERADMIN', '1'),
('11', '401', 'SUPERADMIN', '1'),
('11', '402', 'SUPERADMIN', '1'),
('14', '', 'SUPERADMIN', '1'),
('14', '501', 'SUPERADMIN', '1'),
('14', '503', 'SUPERADMIN', '1'),
('14', '504', 'SUPERADMIN', '1'),
('18', '', 'SUPERADMIN', '1'),
('18', '601', 'SUPERADMIN', '1'),
('18', '602', 'SUPERADMIN', '1'),
('18', '603', 'SUPERADMIN', '1'),
('18', '604', 'SUPERADMIN', '1'),
('18', '605', 'SUPERADMIN', '1'),
('18', '606', 'SUPERADMIN', '1'),
('25', '', 'SUPERADMIN', '1'),
('25', '800', 'SUPERADMIN', '1'),
('25', '801', 'SUPERADMIN', '1'),
('25', '802', 'SUPERADMIN', '1'),
('25', '803', 'SUPERADMIN', '1'),
('25', '804', 'SUPERADMIN', '1'),
('25', '805', 'SUPERADMIN', '1'),
('25', '806', 'SUPERADMIN', '1'),
('25', '807', 'SUPERADMIN', '1'),
('34', '', 'SUPERADMIN', '1'),
('34', '901', 'SUPERADMIN', '1'),
('34', '902', 'SUPERADMIN', '1'),
('34', '903', 'SUPERADMIN', '1'),
('34', '904', 'SUPERADMIN', '1'),
('7', '', 'SUPERADMIN', '1'),
('7', '301', 'SUPERADMIN', '1'),
('7', '302', 'SUPERADMIN', '1'),
('7', '303', 'SUPERADMIN', '1'),
('1', '', 'SUPERVISOR', '1'),
('1', '200', 'SUPERVISOR', '1'),
('1', '201', 'SUPERVISOR', '1'),
('1', '202', 'SUPERVISOR', '1'),
('10', '', 'SUPERVISOR', '1'),
('10', '400', 'SUPERVISOR', '1'),
('5', '', 'SUPERVISOR', '1'),
('5', '300', 'SUPERVISOR', '1'),
('5', '301', 'SUPERVISOR', '1'),
('5', '302', 'SUPERVISOR', '1'),
('5', '303', 'SUPERVISOR', '1');

-- --------------------------------------------------------

--
-- Table structure for table `tm_surveyor`
--

CREATE TABLE `tm_surveyor` (
  `fs_kode_cabang` varchar(2) NOT NULL DEFAULT '0',
  `fs_kode_surveyor` varchar(5) NOT NULL,
  `fs_kode_surveyor_lama` varchar(3) NOT NULL,
  `fs_nama_surveyor` varchar(50) NOT NULL,
  `fs_alamat_surveyor` varchar(180) DEFAULT NULL,
  `fs_ktp_surveyor` varchar(30) DEFAULT NULL,
  `fs_handphone_surveyor` varchar(30) DEFAULT NULL,
  `fs_user_buat` varchar(15) DEFAULT NULL,
  `fd_tanggal_buat` date DEFAULT NULL,
  `fs_user_edit` varchar(15) DEFAULT NULL,
  `fd_tanggal_edit` date DEFAULT NULL
) ENGINE=InnoDB DEFAULT CHARSET=utf8;

--
-- Dumping data for table `tm_surveyor`
--

INSERT INTO `tm_surveyor` (`fs_kode_cabang`, `fs_kode_surveyor`, `fs_kode_surveyor_lama`, `fs_nama_surveyor`, `fs_alamat_surveyor`, `fs_ktp_surveyor`, `fs_handphone_surveyor`, `fs_user_buat`, `fd_tanggal_buat`, `fs_user_edit`, `fd_tanggal_edit`) VALUES
('11', 'AYDOI', 'ADY', 'ADI YOSEP SAPUTRA', 'KP. BAMBU KUNING NO.25 RT 003 RW 003 CISEENG PARUNG BOGOR 16330', '1', '081290977953', 'INDRA', '2017-10-02', 'INDRA', '2017-10-02'),
('11', 'DDUNU', 'DDG', 'DUDUNG', 'JALAN YUK JALAN', '54654168435', '084563635545', 'INDRA', '2017-10-02', 'INDRA', '2017-10-02'),
('11', 'DNANA', 'DAN', 'DANANG', 'JL.ABADI JAYA NO 32', '2654163213684', '0854254713578', 'INDRA', '2017-10-02', 'INDRA', '2017-10-02'),
('12', 'ARMYI', 'ARM', 'AMRIYANTO', 'PRIYANG RT/RW 005/002 KEL. PONDOK JAGUNG KEC. SERPONG UTARA TANGSEL', '3674021611800001', '085267985666', 'INDRA', '2017-10-02', 'INDRA', '2017-10-02'),
('12', 'BTARM', 'BAT', 'BAMBANG TRI RAKHMANTO', 'KOMPL DKI JOGLO BLOK A NO 2 RT / RW 001 / 04 KEMBANGAN, JAKBAR', '3173081005760013', '081519869204', 'INDRA', '2017-10-02', 'INDRA', '2017-10-02'),
('12', 'HPEUR', 'HER', 'HERRY PURWANTO', 'BUGEL MAS INDAH BLOK B.13/05 RT/RW 005/004 KEL. BUGEL KEC. KARAWACI TANGERANG', '3671072601760001', '081311055039', 'INDRA', '2017-10-02', 'INDRA', '2017-10-02'),
('12', 'JNUDE', 'JUN', 'JUNED', 'KP. MEGU RT/RW 003/001 KEL. KARANG HARJA KEC. CISOKA KAB. TANGERANG', '3674061011830005', '081399010525', 'INDRA', '2017-10-02', 'INDRA', '2017-10-02'),
('12', 'SRUAY', 'SUR', 'SURYADI', 'MUNJUL PERMAI BLOK D.11/41 RT/RW 007/004 KEL. MUNJUL KEC. SOLEAR', '3603311704700003', '081212849246', 'INDRA', '2017-10-02', 'INDRA', '2017-10-02'),
('12', 'UIROD', 'URI', 'URIDO', 'JL. PINANG RT/RW 002/022 KEL. PAMULANG TIMUR KEC. PAMULANG TANGERANG SELATAN', '3674061011830005', '081319846313', 'INDRA', '2017-10-02', 'INDRA', '2017-10-02'),
('12', 'WHAUY', 'WHA', 'WAHYUDIANTO', 'BINONG PERMAI H-27/18 RT/RW 005/015 KEL. BINONG KEC. CURUG KAB. TANGERANG', '3603170604740006', '083862006367', 'INDRA', '2017-10-02', 'INDRA', '2017-10-02'),
('12', 'WRIAW', 'WIW', 'WIWID RAHMADI', 'JL. PETA UTARA KP. MAJA RT/RW 004/002 KEL. PEGADUNGAN KEC. KALIDERES JAKARTA BARAT', '3173062111820011', '081318419288', 'INDRA', '2017-10-02', 'INDRA', '2017-10-02'),
('14', 'ABSUE', 'ASP', 'ASEP BUDIAMAN', 'CIKARET GG JENGKOL RT 02/01 CIOMAS BOGOR', '3202330109770002', '085890091039', 'INDRA', '2017-10-02', 'INDRA', '2017-10-02'),
('14', 'ABTUO', 'ATB', 'ATOK BUDI RAHARJO', 'JL. TERATAI RAYA NO. 35\nRT/RW. 002/015 KEL. CILENDEK BARAT KEC. KOTA BOGOR BARAT\nKOTA BOGOR', '3271042603730001', '085817371379', 'INDRA', '2017-10-02', 'INDRA', '2017-10-02'),
('14', 'FAAPU', 'FAA', 'FAUZI APRIYANTO', 'KOMPLEK SABA UTAMA BLOK F 5 NO. 5 RT/RW. 002/005 CIPARIGI KOTA BOGOR UTARA', '3271050405770019', '082299225282', 'INDRA', '2017-10-02', 'INDRA', '2017-10-02'),
('14', 'GGUUN', 'GUG', 'GUN GUN GUNAWAN', 'GRIYA KENCANA NO, 11 TANAH SERAL BOGOR', '3275031107720039', '087872177946', 'INDRA', '2017-10-02', 'INDRA', '2017-10-02'),
('14', 'GKAUL', 'GLA', 'GALIH KURNIAWAN', 'GG PALA L RT 01/01 LOJI BOGOR', '3271042407860000', '081511192015', 'INDRA', '2017-10-02', 'INDRA', '2017-10-02'),
('14', 'HGEUN', 'HEG', 'HENDRA GUNAWAN', 'PCP 2 JL. MATAHRI NO. 15 RT/RW. 007/009\nKEL. BABAKAN KEC. CIBEUREUM \nKOTA SUKABUMI', '3272040401850001', '087820512728', 'INDRA', '2017-10-02', 'INDRA', '2017-10-02'),
('14', 'IRWIA', 'IWN', 'IWAN RIDWAN', 'KP. CIHIDEUNG ILIR RT/RW. 004/002 KEL. CIHIDEUNG ILIR KEC. CIAMPEA KAB. BOGOR', '3201152105790008', '08121911589', 'INDRA', '2017-10-02', 'INDRA', '2017-10-02'),
('14', 'ISNUD', 'INS', 'INDRA SUDARYAN', 'PURI MATAHARI PERSADA TMN. KEDATON 2 F9\nRT/RW.003/010 KEL. LALADON KEC. CIOMAS\nKAB. BOGOR', '3201292504780004', '085714463999', 'INDRA', '2017-10-02', 'INDRA', '2017-10-02'),
('14', 'WGAIH', 'WAG', 'WAHYU GIYANTO', 'KP. MUARABERES RT 01/04 SUKAHATI CIBINONG BOGOR', '3271052406780011', '085811225973', 'INDRA', '2017-10-02', 'INDRA', '2017-10-02'),
('18', 'ESKUO', 'EKO', 'EKO SUPRIYANTO', 'KA BUNGUR NO.28 RT.004 RW.018 HARAPAN JAYA, BEKASI UTARA', '3275031912810025', '087882173717', 'INDRA', '2017-10-02', 'INDRA', '2017-10-02'),
('21', 'JRIOM', 'JIM', 'JIMMY ROLLY ,SE', 'KOMP.PURNA SAKTI JLR 10 RT/RW 031/002 KEL.BASIRIH KEC.BANJARMASIN BARAT, BANJARMASIN', '6371043110770003', '082153751205', 'INDRA', '2017-10-02', 'INDRA', '2017-10-02'),
('21', 'MFFAA', 'FAD', 'M. FADLYANOOR', 'JL.AMD ALALAK TENGAH RT/RW 021/001 KEL.ALALAK TENGAH KEC.BANJARMASIN UTARA , BANJARMASIN', '6371010612920013', '081257285099', 'INDRA', '2017-10-02', 'INDRA', '2017-10-02'),
('21', 'MNUAH', 'NZR', 'MUHAMMAD NATSIR,S.HUT', 'JL.BEL DA  GG.IKHLAS NO.14 RT/RW/025 /001 KEL. BELITUNG SELATAN KEC.BANJARMASIN BARAT , BANJARMASIN', '6371032810690007', '082253530086', 'INDRA', '2017-10-02', 'INDRA', '2017-10-02'),
('21', 'MRBAU', 'MBI', 'M.BUDI RAHMAN', 'JL.HAYAM WURUK NO.98 RT/RW 043/004 KEL. PEMURUS DALAM KEC.BANJARMASIN SELATAN, BANJARMASIN', '6371010404800013', '08125021665', 'INDRA', '2017-10-02', 'INDRA', '2017-10-02'),
('21', 'RAERZ', 'RAN', 'REZA ARDILLA NAJAM', 'JL.RATU ZALEHA KOMP.KHD VIII NO.170 RT/RW 019/002 KEL. KARANG MEKAR KEC. BANJARMASIN TIMUR, BANJARMA', '6371021902870001', '082154677728', 'INDRA', '2017-10-02', 'INDRA', '2017-10-02'),
('21', 'RSAUC', 'BEK', 'RACHMAD SUBEKTI,SE', 'JL.A.YANI KM.4,5 KOMP.AMANDA NO.31 RT/RW.001/001 KEL.KARANG MEKAR KEC.BANJARMASIN TIMUR,BANJARMASIN', '6371022810740008', '08135109700', 'INDRA', '2017-10-02', 'INDRA', '2017-10-02'),
('21', 'RWIAJ', 'RIJ', 'RIJALI WAHDI', 'JL.KARANG ANYAR II KOMP.GRIYA ALAM LESTARI RT/RW 019/008 KEL.LOKTABAT UTARA KEC.BANJARBARU UTARA, BA', '6372050407850002', '081253539353', 'INDRA', '2017-10-02', 'INDRA', '2017-10-02'),
('24', 'AFDIE', 'ADE', 'ADE FITRIAN AFHANY', 'JL. MANJUHAN NO.06 PERUM ADITYA I', '6271032307830004', '081352999969', 'INDRA', '2017-10-02', 'INDRA', '2017-10-02'),
('24', 'BHIAS', 'BIS', 'BISMAR HADI SAPUTRA', 'JL. DHARMA BUDI NO. 139 RT.020/002 KEL.PEMURUS LUAR KEC. BANJARMASIN TIMUR', '6371022812800003', '085248314060', 'INDRA', '2017-10-02', 'INDRA', '2017-10-02'),
('24', 'ESNED', 'NDY', 'ENDY SETYAWAN', 'JL. MANDUHARA/KOMP.PERUM HAPAKAT PERMAI NO.77', '6271010109820002', '085387827029', 'INDRA', '2017-10-02', 'INDRA', '2017-10-02'),
('24', 'ESNID', 'DRO', 'ENDRO SIMPATI', 'JL. KELABAT NO.031 RT.004 RW.015 KEL. PALANGKA KEC. JEKAN RAYA, PALANGKARAYA', '6271030212870005', '085348619147', 'INDRA', '2017-10-02', 'INDRA', '2017-10-02'),
('24', 'JRAIK', 'JAK', 'JAKARIADI', 'JL. SESEP MADU RT.002 RW.010 KEL. PALANGKA KEC. JEKAN RAYA P.RAYA', '6271030105900009', '082151529248', 'INDRA', '2017-10-02', 'INDRA', '2017-10-02'),
('24', 'RTYIA', 'RYN', 'RYAN TIRTANA', 'JL. NURI RAYA NO.477 RT.5 RW.4 KEC. SELAT DALAM, KUALA KAPUAS', '6203012905890002', '081258831277', 'INDRA', '2017-10-02', 'INDRA', '2017-10-02'),
('25', 'AWRAI', 'ARW', 'ARI WAHYONO', 'JL. PRAMUKA GG. ANEKA SAMPIT', '6202061403890002', '081258232881', 'INDRA', '2017-10-02', 'INDRA', '2017-10-02'),
('25', 'IYPUU', 'YUD', 'I PUTU YUDHI ARIARTHA', 'JL. H AKHMAD NO.92 SAMPIT', '6202060306800003', '081250859989', 'INDRA', '2017-10-02', 'INDRA', '2017-10-02'),
('25', 'JIUSN', 'JUN', 'JUNI ISKANDAR', 'JL. MINUN DEHEN GG. 2000 SAMPIT', '6202091802880001', '081255758492', 'INDRA', '2017-10-02', 'INDRA', '2017-10-02'),
('25', 'LPEAO', 'LEO', 'LEO PATRA NABABAN', 'JL.BUKIT RAYA VI NO.44 SAMPIT', '6202051011820002', '082254462655', 'INDRA', '2017-10-02', 'INDRA', '2017-10-02'),
('25', 'RAIDA', 'RAF', 'RIAN ADI FEBRIANTO', 'JL. TERATAI 5 NO.50 RT.31 RW 7', '3571011702920002', '082234296261', 'INDRA', '2017-10-02', 'INDRA', '2017-10-02'),
('25', 'RPOUB', 'ROB', 'ROBY PURWANDI', 'JL. ARJUNO 7 NO.193 SAMPIT', '6202062606870003', '085291272723', 'INDRA', '2017-10-02', 'INDRA', '2017-10-02'),
('25', 'SWRII', 'SRI', 'SRI WISNU PRASOJO', 'JL.PELITA BARAT NO.65 RT.045/009 SAMPIT', '6202062801860002', '085252780809', 'INDRA', '2017-10-02', 'INDRA', '2017-10-02'),
('26', 'ANLEA', 'AL4', 'ALAN TRI NEGARA', 'JL. LANDAK NO.60 RT.001 KEL. SIDOREJO KEC. ARSEL KAB. KOBAR', '6201021808940001', '082256887076', 'INDRA', '2017-10-02', 'INDRA', '2017-10-02'),
('26', 'ANNIT', 'ANT', 'ANTONIUS', 'JL. AHMAD WONGSO GG. TERONG RT.019/003 KEL. MADUREJO KEC. ARSEL', '6201021910850006', '082251164399', 'INDRA', '2017-10-02', 'INDRA', '2017-10-02'),
('26', 'ATLRA', 'ATN', 'ALAN TRI NEGARA', 'JL. LANDAK NO.60 RT.001 KEL. SIDOREJO KEC. ARSEL KAB. KOBAR', '6201021808940001', '082256887076', 'INDRA', '2017-10-02', 'INDRA', '2017-10-02'),
('26', 'MSSAA', 'IMH', 'M. SAUKANI', 'JL. A. YANI RT.019/007 KEL. BARU KEC. ARSEL KAB. KOBAR', '6201022707900004', '082155692496', 'INDRA', '2017-10-02', 'INDRA', '2017-10-02'),
('26', 'RYOAH', 'RHY', 'ROHAYADI', 'JL. SULTAN AGUNG RT.014/005 KEL. SUMBER AGUNG KEC. P. LADA KAB. KOBAR', '6201050801860002', '085252577387', 'INDRA', '2017-10-02', 'INDRA', '2017-10-02'),
('30', 'ARCOH', 'ARI', 'ACHMAD RONY', 'JL. BABATAN PILANG 9/18, RT.03/05, BABATAN, WIYUNG SURABAYA', '3578200311700001', '081703363470', 'INDRA', '2017-10-02', 'INDRA', '2017-10-02'),
('30', 'HWEIN', 'HWO', 'HENGKY WIBOWO, S.Pd', 'PERUM GRIYA RINGINAGUNGC-2,RT.02/02,RINGINPITU,KEDUNGWARU,TULUNGAGUNG', '3504030911770002', '082298552388', 'INDRA', '2017-10-02', 'INDRA', '2017-10-02'),
('30', 'RNUAD', 'RDN', 'RUDI NASRUDIN', 'BANYUURIP KIDUL 1/45, RT.03/05  , BANYU URIP, SAWAHAN, SURABAYA', '3578060606700012', '082131314114', 'INDRA', '2017-10-02', 'INDRA', '2017-10-02'),
('30', 'RRIID', 'RRA', 'RIDWAN RIZKIRIYAN AGUSTRI', 'PERUM GRAHA TLOGOMAS BLOK B2,JL.KANJURUHAN ASRI,RT05/03,TLOGOMAS,LOWOKWARU,MALANG', '3507190708880002', '082131926808', 'INDRA', '2017-10-02', 'INDRA', '2017-10-02'),
('30', 'STUOB', 'SBO', 'SUBIANTORO', 'DS. TAMBANG BOYO, RT.02/03, TAMBAKRI GADUNG, TIKUNG, LAMONGAN', '3316090911790001', '082143145634', 'INDRA', '2017-10-02', 'INDRA', '2017-10-02'),
('30', 'WYAOH', 'WYS', 'WAHYU YOGA SARA', 'JL. GELATIK 3,RT.01/10,MAOSPATI, MAGETAN', '3520111306870001', '081216333666', 'INDRA', '2017-10-02', 'INDRA', '2017-10-02'),
('32', 'IAPBU', 'PA', 'I PUTU ABDIANA', 'JL. NOJA I GANG IV NO. 9B KESIMAN, DENPASAR', '5106040203880008', '081999558560', 'INDRA', '2017-10-02', 'INDRA', '2017-10-02'),
('32', 'IAPNU', 'PAS', 'I PUTU ANDHY SETIAWAN', 'JL. DURIAN NO 10 TABANAN', '5102052507800008', '087861816306', 'INDRA', '2017-10-02', 'INDRA', '2017-10-02'),
('32', 'IDGWD', 'GDP', 'I GDE DWIPAYANA', 'JL. TERATAI KEL. GIANYAR KEC. GIANYAR KAB. GIANYAR', '5104032709750000', '083114734015', 'INDRA', '2017-10-02', 'INDRA', '2017-10-02'),
('32', 'PGUET', 'PGH', 'PUTU GEDE HENDRA', 'JL. KUTAT LESTARI GANG GRAHA SURYA NO. 6D SANUR', '5171012405810007', '081999718658', 'INDRA', '2017-10-02', 'INDRA', '2017-10-02'),
('32', 'PWUIT', 'PW', 'PUTU WISTANAYA', 'JL. TEGAL WANGI III /29 DPS BR/LINK ALAS ARUM DUSUN ALAS ARUM KEL SESETAN KEC DENPASAR SELATAN DENPA', '5171012310770004', '082144670471', 'INDRA', '2017-10-02', 'INDRA', '2017-10-02'),
('32', 'TMUAK', 'TK', 'TUKIMAN', 'JL. GUNUNG TALANG VI B NO. 8 DENPASAR', '5171031406740017', '08174720614', 'INDRA', '2017-10-02', 'INDRA', '2017-10-02'),
('32', 'YAUNL', 'YA', 'YULIANDRI', 'JL. LETDA RECA NO. 25 DUSUN YANGBATU KEL. DANGIN PURI KELOD DENPASAR TIMUR - DENPASAR', '5171022807780000', '087860347290', 'INDRA', '2017-10-02', 'INDRA', '2017-10-02'),
('40', 'DCEHN', 'DEN', 'DENNY CH. LOMBOK', 'KEL. TELING ATAS KEC. WANEA', '7171071712770025', '081244667766', 'INDRA', '2017-10-02', 'INDRA', '2017-10-02'),
('40', 'VKIAD', 'VID', 'VIDI KALALO', 'PICUAN JG VI, MOTOLING TIMUR', '7105220612870001', '082347093734', 'INDRA', '2017-10-02', 'INDRA', '2017-10-02'),
('45', 'STTUE', 'ST', 'STEVI TUMEWU', 'MATANI II LK.IX KEC. TOMOHON TENGAH KOTA TOMOHON', '7173020303860002', '081356275693', 'INDRA', '2017-10-02', 'INDRA', '2017-10-02'),
('60', 'ABNAA', 'NND', 'ANANDA BAGUS SUTEDJA', 'JL.PATIMURAA NO.56 RT.06 LR.BERSAAMA KEL.KENALI BESAR  KEC.KOTA BARU JAMBI', '1571071407900021', '082378872228', 'INDRA', '2017-10-02', 'INDRA', '2017-10-02'),
('60', 'AHGAU', 'GUS', 'AGUSTIAN HAANDOKO', 'JL.SERSAAN ANUAR BAY PERUM GUNUNG MENAAHAN CITY BLOK L NO.04 KEL.KENALI BESAR JAMBI', '1571011208870041', '085268017301', 'INDRA', '2017-10-02', 'INDRA', '2017-10-02'),
('60', 'KAHMA', 'KHL', 'KHAIRUL AMIN', 'JL.PATI MURA RT.05 NO.04 KEL.KENALI BESAR JAMBI', '1571071908820041', '082182327073', 'INDRA', '2017-10-02', 'INDRA', '2017-10-02'),
('60', 'MHHEE', 'HLM', 'M. HELMI', 'JL.JAMBU MA BULIAN RT.04 KEC MUARA BULIAN MUARA BULIAN BATANG HARI', '1504032808850001', '085381822211', 'INDRA', '2017-10-02', 'INDRA', '2017-10-02'),
('60', 'MNANA', 'NSR', 'M. A. NASIR . S', 'JL.SELAMET NO 47 RT.15/05 KEL.TANJUNG PINANG JAMBI TIMUR JAMBI', '1571031010890141', '082374033031', 'INDRA', '2017-10-02', 'INDRA', '2017-10-02'),
('60', 'OPYUO', 'OYO', 'OYONG PUTRA', 'TALANG KERINCI RT.07 NO.07 KEL.TALANG KERINCI KEC.SEI GELAM  MUARO JAMBI', '1505082607800002', '082310855316', 'INDRA', '2017-10-02', 'INDRA', '2017-10-02'),
('60', 'VAESV', 'VVN', 'VEVIAN ASEVTO', 'PERUMAHAN NAMURA INDAH III KA 123 RT.55 KEL.KENALI ASAM BESAR JAAMBI', '1571011209800141', '081366860606', 'INDRA', '2017-10-02', 'INDRA', '2017-10-02'),
('61', 'AHBAD', 'HSN', 'ABDUL HASAN', 'JLN. TAQWA MATA MERAH, GANG BARU NO.48 RT.45 RW.05 PALEMBANG', '1671100508900009', '082281473119', 'INDRA', '2017-10-02', 'INDRA', '2017-10-02'),
('61', 'ASRAI', 'ARF', 'ARIEF SAPUTRA', 'JL. K.H WAHID HASYIM LR. MASJID I NO.594B', '1671023004960007', '081368747523', 'INDRA', '2017-10-02', 'INDRA', '2017-10-02'),
('61', 'MEUNH', 'EEN', 'MUHENDRI', 'AMAL SETIA RT.012 RW.003 KEL. 11 ULU KEC.SEBERANG ULU II', '1671030411850002', '082374990750', 'INDRA', '2017-10-02', 'INDRA', '2017-10-02'),
('61', 'MSIIC', 'MCL', 'MICHAEL SIMATUPANG', 'JL. JEND SUDIRMAN KEL. MUARA DUA SIMPANG RM. LOMBOK IJO', '1216061709900001', '085273735324', 'INDRA', '2017-10-02', 'INDRA', '2017-10-02'),
('61', 'RUD61', 'RDI', 'RUDI', 'JL. BANGAU NO.60 RT.003 RW.002 KEL.TUGU KECIL KEC. PRABUMULIH TIMUR', '1674020804910005', '083176107083', 'INDRA', '2017-10-02', 'INDRA', '2017-10-02'),
('61', 'YIUML', 'IMS', 'YULIAS IMAM SUSANTO', 'JL. SRIJAYA GG.DELIMA RT.23 RW.VII NO.1857 KEC.SUKARAMI PALEMBANG', '1611021907950004', '082311499620', 'INDRA', '2017-10-02', 'INDRA', '2017-10-02'),
('82', 'MFAIN', 'MFI', 'MANDIRI FINANCE INDONESIA', 'JL. RS FATMAWATI NO.29', '0', '0', 'INDRA', '2017-10-02', 'INDRA', '2017-10-02'),
('83', 'MFAIN', 'MAF', 'MANDIRI FINANCE INDONESIA', 'JL.RS.FATMAWATI NO.29 JAKARTA SELATAN', '0', '0', 'INDRA', '2017-10-02', 'INDRA', '2017-10-02');

-- --------------------------------------------------------

--
-- Table structure for table `tm_user`
--

CREATE TABLE `tm_user` (
  `fs_username` varchar(15) NOT NULL,
  `fs_password` varchar(50) NOT NULL,
  `fs_level_user` varchar(20) NOT NULL,
  `fd_last_login` datetime NOT NULL DEFAULT '0000-00-00 00:00:00',
  `fs_ip_address` varchar(15) DEFAULT NULL,
  `fs_aktif` set('0','1') NOT NULL DEFAULT '0',
  `fd_ganti_pass` datetime DEFAULT NULL,
  `fs_user_buat` varchar(15) NOT NULL,
  `fd_tanggal_buat` datetime NOT NULL,
  `fs_user_edit` varchar(15) DEFAULT NULL,
  `fd_tanggal_edit` datetime DEFAULT NULL
) ENGINE=InnoDB DEFAULT CHARSET=utf8;

--
-- Dumping data for table `tm_user`
--

INSERT INTO `tm_user` (`fs_username`, `fs_password`, `fs_level_user`, `fd_last_login`, `fs_ip_address`, `fs_aktif`, `fd_ganti_pass`, `fs_user_buat`, `fd_tanggal_buat`, `fs_user_edit`, `fd_tanggal_edit`) VALUES
('ANDREW', '79d0b25f760684f1f9249f1a1e104071', 'SUPERADMIN', '2017-09-25 11:18:06', '', '1', '0000-00-00 00:00:00', 'INDRA', '0000-00-00 00:00:00', 'ANDREW', '2017-09-25 11:18:06'),
('INDRA', '59a920b4b99558bcbed3fee8405e1042', 'SUPERADMIN', '2017-10-03 17:29:29', '', '1', '0000-00-00 00:00:00', 'INDRA', '0000-00-00 00:00:00', 'INDRA', '2017-10-03 17:29:29');

-- --------------------------------------------------------

--
-- Table structure for table `tx_arapk`
--

CREATE TABLE `tx_arapk` (
  `fs_recordid` varchar(1) DEFAULT NULL,
  `fn_nomapk` decimal(6,0) DEFAULT NULL,
  `fs_flagtr` varchar(5) DEFAULT NULL,
  `fs_nomlks` varchar(6) DEFAULT NULL,
  `fn_noapke` decimal(7,0) DEFAULT NULL,
  `fs_jnsfrm` varchar(1) DEFAULT NULL,
  `fd_tglapk` date DEFAULT NULL,
  `fn_kodelk` decimal(2,0) DEFAULT NULL,
  `fn_nomdel` decimal(2,0) DEFAULT NULL,
  `fs_jenpiu` varchar(1) DEFAULT NULL,
  `fn_polpen` decimal(2,0) DEFAULT NULL,
  `fn_nompjb` decimal(6,0) DEFAULT NULL,
  `fd_tglpjb` date DEFAULT NULL,
  `fs_nampem` varchar(50) DEFAULT NULL,
  `fs_alpem1` varchar(45) DEFAULT NULL,
  `fs_alpem2` varchar(45) DEFAULT NULL,
  `fs_namkot` varchar(35) DEFAULT NULL,
  `fn_kodeps` int(5) DEFAULT NULL,
  `fs_notelp` varchar(50) DEFAULT NULL,
  `fs_hphone` varchar(50) DEFAULT NULL,
  `fs_tpager` varchar(50) DEFAULT NULL,
  `fs_ushpem` varchar(6) DEFAULT NULL,
  `fs_kuspem` varchar(50) DEFAULT NULL,
  `fs_alupe1` varchar(45) DEFAULT NULL,
  `fs_alupe2` varchar(45) DEFAULT NULL,
  `fs_tlupem` varchar(30) DEFAULT NULL,
  `fn_gajpem` decimal(10,0) DEFAULT NULL,
  `fs_namphl` varchar(50) DEFAULT NULL,
  `fs_ushphl` varchar(6) DEFAULT NULL,
  `fs_kusphl` varchar(30) DEFAULT NULL,
  `fs_aluph1` varchar(45) DEFAULT NULL,
  `fs_aluph2` varchar(45) DEFAULT NULL,
  `fs_tluphl` varchar(30) DEFAULT NULL,
  `fn_gajphl` decimal(9,0) DEFAULT NULL,
  `fs_nampjm` varchar(50) DEFAULT NULL,
  `fs_alpjm1` varchar(45) DEFAULT NULL,
  `fs_alpjm2` varchar(45) DEFAULT NULL,
  `fs_kotpjm` varchar(35) DEFAULT NULL,
  `fn_kdppjm` int(5) DEFAULT NULL,
  `fs_tlppjm` varchar(30) DEFAULT NULL,
  `fs_ushpjm` varchar(6) DEFAULT NULL,
  `fs_kuspjm` varchar(50) DEFAULT NULL,
  `fs_stapjm` varchar(30) DEFAULT NULL,
  `fs_alupj1` varchar(45) DEFAULT NULL,
  `fs_alupj2` varchar(45) DEFAULT NULL,
  `fs_tlupjm` varchar(30) DEFAULT NULL,
  `fn_gajpjm` decimal(9,0) DEFAULT NULL,
  `fs_alkor1` varchar(45) DEFAULT NULL,
  `fs_alkor2` varchar(45) DEFAULT NULL,
  `fs_kotkor` varchar(35) DEFAULT NULL,
  `fs_poskor` varchar(1) DEFAULT NULL,
  `fn_stsrmh` int(1) DEFAULT NULL,
  `fd_sjktgl` date DEFAULT NULL,
  `fd_tgltkh` date DEFAULT NULL,
  `fs_jnsklm` varchar(1) DEFAULT NULL,
  `fs_tptlhr` varchar(35) DEFAULT NULL,
  `fd_tgllhr` date DEFAULT NULL,
  `fs_agama` varchar(1) DEFAULT NULL,
  `fn_penddk` int(1) DEFAULT NULL,
  `fs_status` varchar(1) DEFAULT NULL,
  `fs_stskwn` varchar(1) DEFAULT NULL,
  `fn_tgngan` decimal(5,0) DEFAULT NULL,
  `fn_biayah` decimal(9,0) DEFAULT NULL,
  `fd_sjkker` date DEFAULT NULL,
  `fd_tglsvy` date DEFAULT NULL,
  `fn_lamsvy` decimal(3,0) DEFAULT NULL,
  `fs_ptgsvy` varchar(3) DEFAULT NULL,
  `fs_kptsan` varchar(1) DEFAULT NULL,
  `fd_tglkep` date DEFAULT NULL,
  `fs_ketkep` text,
  `fd_tglspp` date DEFAULT NULL,
  `fs_namsls` varchar(50) DEFAULT NULL,
  `fs_resiko` varchar(1) DEFAULT NULL,
  `fs_flagct` varchar(2) DEFAULT NULL,
  `fn_flctdp` decimal(2,0) DEFAULT NULL,
  `fn_flctsp` decimal(2,0) DEFAULT NULL,
  `fn_updtke` decimal(2,0) DEFAULT NULL,
  `fn_updtsp` decimal(2,0) DEFAULT NULL,
  `fs_tarikw` varchar(1) DEFAULT NULL,
  `fd_tglinp` date DEFAULT NULL,
  `fs_naminp` varchar(50) DEFAULT NULL,
  `fs_usersp` varchar(3) DEFAULT NULL,
  `fs_srtstj` varchar(3) DEFAULT NULL,
  `fn_batapk` decimal(8,0) DEFAULT NULL,
  `fn_batspp` decimal(8,0) DEFAULT NULL,
  `fs_nomktp` varchar(25) DEFAULT NULL,
  `fd_nktpsd` date DEFAULT NULL,
  `fs_flappr` varchar(1) DEFAULT NULL,
  `fs_apprid` varchar(3) DEFAULT NULL,
  `fs_nonpwp` varchar(25) DEFAULT NULL,
  `fs_sptthn` varchar(1) DEFAULT NULL,
  `fs_namibu` varchar(50) DEFAULT NULL,
  `fs_kecama` varchar(35) DEFAULT NULL,
  `fs_kelura` varchar(35) DEFAULT NULL,
  `fs_jobkon` varchar(3) DEFAULT NULL,
  `fs_kddati` varchar(4) DEFAULT NULL,
  `fd_tglspk` date DEFAULT NULL,
  `fd_tgctpo` date DEFAULT NULL,
  `fd_tanggal_buat` datetime DEFAULT NULL
) ENGINE=InnoDB DEFAULT CHARSET=utf8;

-- --------------------------------------------------------

--
-- Table structure for table `tx_arovdd`
--

CREATE TABLE `tx_arovdd` (
  `fn_kodelk` decimal(2,0) DEFAULT NULL,
  `fn_nomdel` decimal(2,0) DEFAULT NULL,
  `fs_jenpiu` varchar(1) DEFAULT NULL,
  `fn_polpen` decimal(2,0) DEFAULT NULL,
  `fn_nompjb` decimal(6,0) DEFAULT NULL,
  `fd_tglupd` date DEFAULT NULL,
  `fd_tglovd` date DEFAULT NULL,
  `fn_outgrs` decimal(10,0) DEFAULT NULL,
  `fn_outnet` decimal(10,0) DEFAULT NULL,
  `fn_ovdgrs` decimal(10,0) DEFAULT NULL,
  `fn_ovdnet` decimal(10,0) DEFAULT NULL,
  `fn_lamovd` decimal(5,0) DEFAULT NULL,
  `fn_jumken` int(1) DEFAULT NULL,
  `fs_cabang` varchar(5) DEFAULT NULL,
  `fd_tanggal_buat` datetime DEFAULT NULL
) ENGINE=InnoDB DEFAULT CHARSET=utf8;

-- --------------------------------------------------------

--
-- Table structure for table `tx_arpjb`
--

CREATE TABLE `tx_arpjb` (
  `fn_recordid` int(1) DEFAULT NULL,
  `fn_nomrjb` decimal(7,0) DEFAULT NULL,
  `fn_nomdel` decimal(2,0) DEFAULT NULL,
  `fn_kodelk` decimal(2,0) DEFAULT NULL,
  `fn_nomrut` decimal(5,0) DEFAULT NULL,
  `fs_jenpiu` varchar(1) DEFAULT NULL,
  `fn_polpen` decimal(2,0) DEFAULT NULL,
  `fn_nompjb` decimal(7,0) DEFAULT NULL,
  `fn_kodekr` decimal(2,0) DEFAULT NULL,
  `fd_tglpjb` date DEFAULT NULL,
  `fn_jumken` int(1) DEFAULT NULL,
  `fs_jenken` varchar(7) DEFAULT NULL,
  `fn_thnken` int(4) DEFAULT NULL,
  `fn_kodebk` int(1) DEFAULT NULL,
  `fn_kowibk` int(1) DEFAULT NULL,
  `fs_noacbk` varchar(12) DEFAULT NULL,
  `fn_nombbk` int(1) DEFAULT NULL,
  `fn_nombbt` int(1) DEFAULT NULL,
  `fn_nobbkt` int(1) DEFAULT NULL,
  `fn_masafl` int(2) DEFAULT NULL,
  `fs_nampem` varchar(50) DEFAULT NULL,
  `fs_alpem1` varchar(45) DEFAULT NULL,
  `fs_alpem2` varchar(45) DEFAULT NULL,
  `fs_namkot` varchar(35) DEFAULT NULL,
  `fn_hrgotr` decimal(10,0) DEFAULT NULL,
  `fn_potang` int(1) DEFAULT NULL,
  `fn_umpmlk` decimal(10,0) DEFAULT NULL,
  `fn_prempl` int(1) DEFAULT NULL,
  `fs_perbap` varchar(6) DEFAULT NULL,
  `fs_perbep` varchar(6) DEFAULT NULL,
  `fn_biangp` decimal(10,0) DEFAULT NULL,
  `fn_jlangp` decimal(10,0) DEFAULT NULL,
  `fn_jaytsp` int(1) DEFAULT NULL,
  `fs_anytsp` varchar(2) DEFAULT NULL,
  `fn_umdeal` decimal(10,0) DEFAULT NULL,
  `fn_premdl` decimal(10,0) DEFAULT NULL,
  `fs_perbad` varchar(6) DEFAULT NULL,
  `fs_perbed` varchar(6) DEFAULT NULL,
  `fn_biangd` decimal(10,0) DEFAULT NULL,
  `fn_juhang` decimal(10,0) DEFAULT NULL,
  `fn_juhadk` decimal(10,0) DEFAULT NULL,
  `fn_jlangd` decimal(10,0) DEFAULT NULL,
  `fn_jlayts` int(1) DEFAULT NULL,
  `fs_angyts` varchar(2) DEFAULT NULL,
  `fs_apbyrm` varchar(1) DEFAULT NULL,
  `fn_apbyrk` int(1) DEFAULT NULL,
  `fn_apbyrv` decimal(10,0) DEFAULT NULL,
  `fn_apbydk` int(1) DEFAULT NULL,
  `fn_biaadm` decimal(7,0) DEFAULT NULL,
  `fn_dendad` decimal(7,0) DEFAULT NULL,
  `fn_binori` decimal(7,0) DEFAULT NULL,
  `fn_biasur` decimal(10,0) DEFAULT NULL,
  `fn_pdtlin` int(1) DEFAULT NULL,
  `fn_residu` decimal(9,0) DEFAULT NULL,
  `fs_carang` varchar(1) DEFAULT NULL,
  `fn_lamang` decimal(2,0) DEFAULT NULL,
  `fn_masang` decimal(2,0) DEFAULT NULL,
  `fn_bekang` decimal(2,0) DEFAULT NULL,
  `fn_bekanp` decimal(2,0) DEFAULT NULL,
  `fs_angdel` varchar(1) DEFAULT NULL,
  `fs_carbar` varchar(1) DEFAULT NULL,
  `fd_tglang` date DEFAULT NULL,
  `fn_tgangs` decimal(2,0) DEFAULT NULL,
  `fn_anggih` decimal(2,0) DEFAULT NULL,
  `fn_juangi` decimal(10,0) DEFAULT NULL,
  `fn_juandk` decimal(10,0) DEFAULT NULL,
  `fd_tglstj` date DEFAULT NULL,
  `fd_tglrep` date DEFAULT NULL,
  `fn_biarep` int(1) DEFAULT NULL,
  `fn_tagrep` int(2) DEFAULT NULL,
  `fn_selrep` decimal(9,0) DEFAULT NULL,
  `fn_srepdk` decimal(9,0) DEFAULT NULL,
  `fn_angrep` decimal(9,0) DEFAULT NULL,
  `fn_arepdk` decimal(9,0) DEFAULT NULL,
  `fn_noskmr` decimal(9,0) DEFAULT NULL,
  `fs_tgskmr` varchar(2) DEFAULT NULL,
  `fs_flagnw` varchar(2) DEFAULT NULL,
  `fs_sudobl` varchar(6) DEFAULT NULL,
  `fn_nodobl` decimal(6,0) DEFAULT NULL,
  `fs_sudoby` varchar(6) DEFAULT NULL,
  `fn_nodoby` decimal(6,0) DEFAULT NULL,
  `fd_tgllns` date DEFAULT NULL,
  `fd_tglres` date DEFAULT NULL,
  `fs_akrctk` varchar(2) DEFAULT NULL,
  `fn_kodsup` decimal(2,0) DEFAULT NULL,
  `fn_nomsup` decimal(2,0) DEFAULT NULL,
  `fs_flagcr` varchar(1) DEFAULT NULL,
  `fn_flagbl` int(2) DEFAULT NULL,
  `fn_kodcab` decimal(4,0) DEFAULT NULL,
  `fd_tglanp` date DEFAULT NULL,
  `fn_tgangp` int(1) DEFAULT NULL,
  `fn_aroffs` int(1) DEFAULT NULL,
  `fs_dndphr` varchar(5) DEFAULT NULL,
  `fn_prmask` decimal(10,0) DEFAULT NULL,
  `fs_status` varchar(1) DEFAULT NULL,
  `fn_nlcair` decimal(10,0) DEFAULT NULL,
  `fd_tanggal_buat` datetime DEFAULT NULL
) ENGINE=InnoDB DEFAULT CHARSET=utf8;

--
-- Indexes for dumped tables
--

--
-- Indexes for table `captcha`
--
ALTER TABLE `captcha`
  ADD PRIMARY KEY (`captcha_id`),
  ADD KEY `word` (`word`);

--
-- Indexes for table `ci_sessions`
--
ALTER TABLE `ci_sessions`
  ADD PRIMARY KEY (`id`),
  ADD KEY `ci_sessions_timestamp` (`timestamp`);

--
-- Indexes for table `tb_log`
--
ALTER TABLE `tb_log`
  ADD PRIMARY KEY (`log_time`);

--
-- Indexes for table `tg_menu`
--
ALTER TABLE `tg_menu`
  ADD PRIMARY KEY (`id_menu`);

--
-- Indexes for table `tm_cabang`
--
ALTER TABLE `tm_cabang`
  ADD PRIMARY KEY (`fs_kode_cabang`);

--
-- Indexes for table `tm_user`
--
ALTER TABLE `tm_user`
  ADD PRIMARY KEY (`fs_username`);

--
-- AUTO_INCREMENT for dumped tables
--

--
-- AUTO_INCREMENT for table `captcha`
--
ALTER TABLE `captcha`
  MODIFY `captcha_id` bigint(13) UNSIGNED NOT NULL AUTO_INCREMENT, AUTO_INCREMENT=37;
/*!40101 SET CHARACTER_SET_CLIENT=@OLD_CHARACTER_SET_CLIENT */;
/*!40101 SET CHARACTER_SET_RESULTS=@OLD_CHARACTER_SET_RESULTS */;
/*!40101 SET COLLATION_CONNECTION=@OLD_COLLATION_CONNECTION */;
